artist,metascore,num_lyric_tracks,release_date,title,user_score,explicit_count,explicit_avg
Justin Bieber,57,17,14-Feb-20,Changes,5.7,4,0.23529411764705882
Beach Slang,59,11,10-Jan-20,The Deadbeat Bang of Heartbreak City,4.5,27,2.4545454545454546
James Taylor,60,16,28-Feb-20,American Standard,8.5,0,0.0
DaBaby,61,13,17-Apr-20,Blame It on Baby,4.5,333,25.615384615384617
Morrissey,62,11,20-Mar-20,I Am Not a Dog on a Chain,8.3,1,0.09090909090909091
Lil Wayne,62,24,31-Jan-20,Funeral,6.1,410,17.083333333333332
Niall Horan,63,14,13-Mar-20,Heartbreak Weather,8.7,0,0.0
Eminem,64,20,17-Jan-20,Music To Be Murdered By,8.5,206,10.3
Caleb Landry Jones,65,15,1-May-20,The Mother Stone,tbd,0,0.0
Mura Masa,65,11,17-Jan-20,R.Y.C.,6.3,13,1.1818181818181819
Best Coast,66,11,21-Feb-20,Always Tomorrow,7.8,3,0.2727272727272727
La Roux,67,8,7-Feb-20,Supervision,6.7,0,0.0
Green Day,68,0,7-Feb-20,Father of All…,5.3,0,0.0
Nathaniel Rateliff,68,10,14-Feb-20,And It's Still Alright,tbd,8,0.8
Ellis,68,0,3-Apr-20,Born Again,tbd,0,0.0
Porches,69,11,13-Mar-20,Ricky Music,6.8,13,1.1818181818181819
Deap Lips,69,10,13-Mar-20,Deap Lips,6.0,42,4.2
EOB,70,0,17-Apr-20,Earth,8.3,0,0.0
Poliça,70,0,31-Jan-20,When We Stay Alive,6.7,0,0.0
Wolf Parade,70,10,24-Jan-20,Thin Mind,8.1,1,0.1
Lee Ranaldo/Raül Refree,70,0,21-Feb-20,Names of North End Women,tbd,0,0.0
Moaning,70,13,20-Mar-20,Uneasy Laughter,tbd,0,0.0
Flat Worms,70,11,10-Apr-20,Antarctica,tbd,0,0.0
Diet Cig,70,10,1-May-20,Do You Wonder About Me?,7.5,3,0.3
Nicolas Godin,71,10,24-Jan-20,Concrete and Glass,tbd,0,0.0
Purity Ring,72,10,3-Apr-20,Womb,8.0,0,0.0
Sufjan Stevens,72,0,24-Mar-20,Aporia,6.7,0,0.0
Brendan Benson,72,11,24-Apr-20,Dear Life,tbd,4,0.36363636363636365
Poppy,72,10,10-Jan-20,I Disagree,8.3,0,0.0
J Balvin,72,10,20-Mar-20,Colores,6.9,0,0.0
Roger Eno,72,0,20-Mar-20,Mixing Colours,tbd,0,0.0
TOPS,72,11,3-Apr-20,I Feel Alive,8.5,1,0.09090909090909091
Hilary Woods,73,8,13-Mar-20,Birthmarks,tbd,0,0.0
Little Dragon,73,11,27-Mar-20,"New Me, Same Us",7.7,0,0.0
Hazel English,73,10,24-Apr-20,Wake UP!,7.7,11,1.1
Kesha,73,16,31-Jan-20,High Road,8.7,91,5.6875
The Orielles,73,10,28-Feb-20,Disco Volador,8.0,0,0.0
HMLTD,73,15,7-Feb-20,West of Eden,8.0,14,0.9333333333333333
The Districts,73,11,13-Mar-20,You Know I'm Not Going Anywhere,tbd,5,0.45454545454545453
King Krule,73,14,21-Feb-20,Man Alive!,8.1,4,0.2857142857142857
Harkin,73,0,24-Apr-20,Harkin,tbd,0,0.0
Algiers,73,11,17-Jan-20,There Is No Year,7.1,0,0.0
Field Music,73,19,10-Jan-20,Making a New World,7.1,0,0.0
Austra,74,11,1-May-20,Hirudin,7.8,0,0.0
Four Tet,74,16,13-Mar-20,Sixteen Oceans,7.7,0,0.0
Dan Deacon,74,11,31-Jan-20,Mystic Familiar,8.8,0,0.0
Agnes Obel,74,10,21-Feb-20,Myopia,8.0,0,0.0
Brooke Bentham,74,11,28-Feb-20,Everyday Nothing,tbd,1,0.09090909090909091
Anna Burch,74,12,3-Apr-20,If You're Dreaming,7.1,0,0.0
Bombay Bicycle Club,74,11,17-Jan-20,Everything Else Has Gone Wrong,6.9,0,0.0
Holy Fuck,75,9,17-Jan-20,Deleter,7.4,4,0.4444444444444444
Mandy Moore,75,12,6-Mar-20,Silver Landings,8.4,1,0.08333333333333333
Cable Ties,75,1,27-Mar-20,Far Enough,tbd,0,0.0
Spinning Coin,75,0,21-Feb-20,Hyacinth,tbd,0,0.0
M. Ward,75,11,3-Apr-20,Migration Stories,7.6,0,0.0
Ala.Ni,75,11,31-Jan-20,ACCA,tbd,0,0.0
Pet Shop Boys,75,10,24-Jan-20,Hotspot,7.5,5,0.5
The Strokes,75,9,10-Apr-20,The New Abnormal,9.1,2,0.2222222222222222
Humanist,75,15,21-Feb-20,HUMANIST,tbd,1,0.06666666666666667
Of Montreal,76,10,17-Jan-20,Ur Fun,7.0,7,0.7
Black Lips,76,12,24-Jan-20,Sing in a World That's Falling Apart,7.1,5,0.4166666666666667
Squarepusher,76,9,31-Jan-20,Be Up a Hello,6.1,0,0.0
Shabazz Palaces,76,10,17-Apr-20,The Don of Diamond Dreams,8.1,69,6.9
Greg Dulli,76,10,21-Feb-20,Random Desire,8.7,1,0.1
Nap Eyes,76,11,27-Mar-20,Snapshot of a Beginner,tbd,3,0.2727272727272727
Selena Gomez,76,13,10-Jan-20,Rare,8.7,2,0.15384615384615385
Pinegrove,76,11,17-Jan-20,Marigold,6.6,3,0.2727272727272727
Alice Boman,76,10,17-Jan-20,Dream On,7.5,0,0.0
Sløtface,76,0,31-Jan-20,Sorry for the Late Reply,6.3,0,0.0
Daniel Avery,76,0,27-Mar-20,Illusion of Time,6.8,0,0.0
Car Seat Headrest,76,11,1-May-20,Making a Door Less Open,7.3,7,0.6363636363636364
Marcus King,77,12,17-Jan-20,El Dorado,6.7,3,0.25
Brian Fallon,77,8,27-Mar-20,Local Honey,8.4,2,0.25
Kehlani,77,15,8-May-20,It Was Good Until It Wasn't,8.9,100,6.666666666666667
John Moreland,77,11,7-Feb-20,LP5,tbd,6,0.5454545454545454
Fiona Apple,100,13,17-Apr-20,Fetch the Bolt Cutters,8.7,7,0.5384615384615384
Perfume Genius,92,13,15-May-20,Set My Heart on Fire Immediately,8.9,0,0.0
Moses Sumney,90,0,15-May-20,græ,8.7,0,0.0
Rina Sawayama,90,13,17-Apr-20,Sawayama,9.1,30,2.3076923076923075
BC Camplight,89,3,24-Apr-20,Shortly After Takeoff,8.6,2,0.6666666666666666
Laura Marling,89,10,10-Apr-20,Song for Our Daughter,8.7,6,0.6
Gil Scott-Heron,89,18,7-Feb-20,We're New Again: A Reimagining by Makaya McCraven,7.7,4,0.2222222222222222
Dua Lipa,88,11,27-Mar-20,Future Nostalgia,9.0,18,1.6363636363636365
Waxahatchee,88,11,27-Mar-20,Saint Cloud,7.5,10,0.9090909090909091
Yves Tumor,88,13,3-Apr-20,Heaven to a Tortured Mind,7.9,0,0.0
Mystery Jets,87,10,3-Apr-20,A Billion Heartbeats,8.4,11,1.1
Beatrice Dillon,87,14,7-Feb-20,Workaround,7.1,0,0.0
J Hus,87,14,24-Jan-20,Big Conspiracy,7.5,21,1.5
Baxter Dury,86,10,20-Mar-20,The Night Chancers,8.8,5,0.5
Frazey Ford,86,11,7-Feb-20,U Kin B The Sun,7.5,0,0.0
The James Hunter Six,85,13,6-Mar-20,Nick of Time,8.5,0,0.0
Porridge Radio,85,11,13-Mar-20,Every Bad,8.0,5,0.45454545454545453
Lilly Hiatt,85,0,27-Mar-20,Walking Proof,8.2,0,0.0
Katie Gately,85,8,14-Feb-20,Loom,8.7,1,0.125
Charli XCX,84,11,15-May-20,how i'm feeling now,8.9,4,0.36363636363636365
Hayley Williams,84,15,8-May-20,Petals for Armor,9.4,2,0.13333333333333333
Thundercat,84,15,3-Apr-20,It Is What It Is,7.9,3,0.2
Bill Fay,84,17,17-Jan-20,Countless Branches,6.9,0,0.0
Sparks,84,14,15-May-20,"A Steady Drip, Drip, Drip",8.4,22,1.5714285714285714
Code Orange,84,15,13-Mar-20,Underneath,8.6,10,0.6666666666666666
Lil Uzi Vert,84,18,6-Mar-20,Eternal Atake,6.9,313,17.38888888888889
Caribou,84,12,28-Feb-20,Suddenly,8.2,0,0.0
Lucinda Williams,84,12,24-Apr-20,Good Souls Better Angels,8.4,10,0.8333333333333334
Shabaka & the Ancestors,84,11,13-Mar-20,We Are Sent Here by History,7.8,0,0.0
Mac Miller,83,12,17-Jan-20,Circles,7.6,20,1.6666666666666667
Brandy Clark,83,11,6-Mar-20,Your Life Is a Record,7.6,7,0.6363636363636364
Childish Gambino,83,12,22-Mar-20,3.15.20,7.3,11,0.9166666666666666
Moses Boyd,83,10,14-Feb-20,Dark Matter,8.4,0,0.0
Nadia Reid,83,10,6-Mar-20,Out of My Province,7.8,1,0.1
Ashley McBryde,83,11,3-Apr-20,Never Will,8.3,17,1.5454545454545454
Jay Electronica,83,10,13-Mar-20,A Written Testimony,7.7,19,1.9
Riz Ahmed,83,15,6-Mar-20,The Long Goodbye,tbd,38,2.533333333333333
The Dream Syndicate,83,5,10-Apr-20,The Universe Inside,tbd,0,0.0
Frances Quinlan,83,9,31-Jan-20,Likewise,6.7,0,0.0
U.S. Girls,83,13,6-Mar-20,Heavy Light,7.8,4,0.3076923076923077
Mark Lanegan,82,15,8-May-20,Straight Songs of Sorrow,7.9,7,0.4666666666666667
Tony Allen,82,0,20-Mar-20,Rejoice,tbd,0,0.0
Kiwi Jr.,82,10,17-Jan-20,Football Money,6.6,1,0.1
Six Organs of Admittance,82,0,21-Feb-20,Companion Rises,8.3,0,0.0
Jessie Reyez,82,14,27-Mar-20,Before Love Came To Kill Us,8.6,77,5.5
Cornershop,82,0,6-Mar-20,England Is a Garden,tbd,0,0.0
BTS,82,20,21-Feb-20,Map of the Soul: 7,9.6,6,0.3
Empress Of,82,12,3-Apr-20,I'm Your Empress Of,8.5,33,2.75
OOIOO,82,0,17-Jan-20,Nijimusi,tbd,0,0.0
Soccer Mommy,81,10,28-Feb-20,color theory,8.5,0,0.0
Jason Isbell and the 400 Unit,81,10,15-May-20,Reunions,8.9,1,0.1
Denzel Curry,81,0,7-Feb-20,UNLOCKED,7.9,0,0.0
Arbouretum,81,0,20-Mar-20,Let It All In,tbd,0,0.0
I Break Horses,81,12,8-May-20,Warnings,8.8,1,0.08333333333333333
Aoife Nessa Frances,81,9,17-Jan-20,Land of No Junction,tbd,0,0.0
The Necks,81,0,27-Mar-20,Three,tbd,0,0.0
Ren Harvieu,81,1,3-Apr-20,Revel in the Drama,tbd,0,0.0
Stephen Malkmus,81,10,6-Mar-20,Traditional Techniques,6.9,1,0.1
Andy Shauf,81,11,24-Jan-20,The Neon Skyline,8.0,10,0.9090909090909091
Caroline Rose,81,11,6-Mar-20,Superstar,8.1,6,0.5454545454545454
Nine Inch Nails,81,9,27-Mar-20,Ghosts V: Together,7.7,0,0.0
070 Shake,80,14,17-Jan-20,Modus Vivendi,7.8,11,0.7857142857142857
Destroyer,80,10,31-Jan-20,Have We Met,7.5,7,0.7
Hamilton Leithauser,80,11,10-Apr-20,The Loves of Your Life,8.1,0,0.0
Maria McKee,80,0,13-Mar-20,La Vita Nuova,tbd,0,0.0
Drive-By Truckers,80,9,31-Jan-20,The Unraveling,6.4,5,0.5555555555555556
The Weeknd,80,14,20-Mar-20,After Hours,8.8,29,2.0714285714285716
Wire,80,9,24-Jan-20,Mind Hive,7.0,0,0.0
...And You Will Know Us by the Trail of Dead,80,12,17-Jan-20,X: The Godless Void and Other Stories,8.6,3,0.25
Disq,80,10,6-Mar-20,Collector,8.7,0,0.0
The Chats,80,14,27-Mar-20,High Risk Behaviour,8.9,10,0.7142857142857143
Ian William Craig,80,0,27-Mar-20,Red Sun Through Smoke,tbd,0,0.0
Nada Surf,80,9,7-Feb-20,Never Not Together,8.4,2,0.2222222222222222
Halsey,80,16,17-Jan-20,Manic,8.2,17,1.0625
Sir Richard Bishop,80,0,17-Apr-20,Oneiric Formulary,tbd,0,0.0
Liam Payne,44,22,6-Dec-19,LP1,7.3,7,0.3181818181818182
Lil Pump,46,16,22-Feb-19,Harverd Dropout,2.5,343,21.4375
Weezer,53,10,1-Mar-19,Weezer [Black Album],5.4,9,0.9
Kanye West,53,11,25-Oct-19,Jesus Is King,5.2,0,0.0
Avril Lavigne,55,12,15-Feb-19,Head Above Water,8.3,14,1.1666666666666667
The Avett Brothers,56,13,4-Oct-19,Closer Than Together,tbd,2,0.15384615384615385
The Dandy Warhols,56,12,25-Jan-19,Why You So Crazy,6.5,7,0.5833333333333334
Morrissey,57,12,24-May-19,California Son,6.4,0,0.0
Ed Sheeran,57,15,12-Jul-19,No. 6 Collaborations Project,4.4,34,2.2666666666666666
Hollywood Vampires,57,16,21-Jun-19,Rise,4.5,6,0.375
Homeshake,57,13,15-Feb-19,Helium,6.4,5,0.38461538461538464
Weezer,58,10,24-Jan-19,Weezer (Teal Album),5.3,2,0.2
Khalid,58,17,5-Apr-19,Free Spirit,6.5,9,0.5294117647058824
Nas,58,0,19-Jul-19,The Lost Tapes II,8.5,0,0.0
Honeyblood,59,11,24-May-19,In Plain Sight,tbd,9,0.8181818181818182
DJ Khaled,59,15,17-May-19,Father Of Asahd,2.8,105,7.0
LSD,60,10,12-Apr-19,"Labrinth, Sia & Diplo Present LSD",7.5,3,0.3
Juice WRLD,61,22,8-Mar-19,Death Race for Love,5.8,249,11.318181818181818
Kaiser Chiefs,61,11,26-Jul-19,Duck,6.3,6,0.5454545454545454
Mabel,61,22,2-Aug-19,High Expectations,7.9,27,1.2272727272727273
MARINA,62,16,26-Apr-19,Love + Fear,8.1,1,0.0625
Ian Brown,62,10,1-Feb-19,Ripples,5.9,0,0.0
Hozier,63,14,1-Mar-19,"Wasteland, Baby!",8.1,5,0.35714285714285715
Silversun Pickups,63,10,7-Jun-19,Widow's Weeds,7.8,2,0.2
Yeasayer,63,9,7-Jun-19,Erotic Reruns,6.7,3,0.3333333333333333
L7,63,11,3-May-19,Scatter the Rats,5.5,10,0.9090909090909091
Robbie Robertson,64,13,20-Sep-19,Sinematic,8.2,7,0.5384615384615384
UNKLE,64,22,29-Mar-19,"The Road, Pt. 2: Lost Highway",6.9,5,0.22727272727272727
Sleeper,64,11,22-Mar-19,The Modern Age,6.5,5,0.45454545454545453
Peter Doherty & the Puta Madres,65,11,26-Apr-19,Peter Doherty & the Puta Madres,tbd,2,0.18181818181818182
Frank Turner,65,13,16-Aug-19,No Man's Land,tbd,1,0.07692307692307693
Harry Nilsson,65,11,22-Nov-19,Losst and Founnd,tbd,1,0.09090909090909091
Maren Morris,66,14,8-Mar-19,Girl,7.1,12,0.8571428571428571
Boris,66,0,4-Oct-19,Love & Evol,tbd,0,0.0
Taylor Hawkins & the Coattail Riders,66,0,8-Nov-19,Get the Money,tbd,0,0.0
Blink-182,67,16,20-Sep-19,Nine,6.7,5,0.3125
Methyl Ethel,67,9,15-Feb-19,Triage,7.1,0,0.0
Temples,67,11,27-Sep-19,Hot Motion,7.5,0,0.0
Rick Ross,67,15,9-Aug-19,Port of Miami 2,6.8,177,11.8
Why?,67,19,9-Aug-19,Aokohio,5.0,7,0.3684210526315789
Gang of Four,67,0,19-Apr-19,Happy Now,tbd,0,0.0
Chaka Khan,68,7,15-Feb-19,Hello Happiness,5.9,0,0.0
William Patrick Corgan,68,0,22-Nov-19,Cotillions,7.0,0,0.0
The Lemonheads,68,13,8-Feb-19,Varshons 2,5.5,2,0.15384615384615385
Filthy Friends,68,10,3-May-19,Emerald Valley,tbd,0,0.0
Cuco,68,13,26-Jul-19,Para Mi,7.9,18,1.3846153846153846
Violent Femmes,68,13,26-Jul-19,Hotel Last Resort,6.0,1,0.07692307692307693
Foxygen,68,9,26-Apr-19,Seeing Other People,7.7,8,0.8888888888888888
M83,68,15,20-Sep-19,DSVII,6.8,0,0.0
Belle and Sebastian,68,0,13-Sep-19,Days of the Bagnold Summer OST,8.5,0,0.0
Céline Dion,68,0,15-Nov-19,Courage,8.2,0,0.0
Drenge,68,10,22-Feb-19,Strange Creatures,6.0,4,0.4
Keane,68,16,20-Sep-19,Cause and Effect,8.6,2,0.125
!!! [Chik Chik Chik],69,14,30-Aug-19,Wallop,4.3,22,1.5714285714285714
Idlewild,69,13,5-Apr-19,Interview Music,5.0,1,0.07692307692307693
Rat Boy,69,11,25-Jan-19,Internationally Unknown,3.6,21,1.9090909090909092
Cigarettes After Sex,69,9,25-Oct-19,Cry,7.8,1,0.1111111111111111
Babymetal,69,17,11-Oct-19,Metal Galaxy,7.7,14,0.8235294117647058
Doon Kanda,69,13,29-Nov-19,Labyrinth,tbd,0,0.0
Tallies,69,11,11-Jan-19,Tallies,6.5,0,0.0
Mac DeMarco,69,13,10-May-19,Here Comes the Cowboy,6.5,2,0.15384615384615385
Efterklang,69,9,20-Sep-19,Altid Sammen,7.2,0,0.0
Bleached,69,12,12-Jul-19,Don't You Think You've Had Enough?,7.8,12,1.0
DJ Shadow,69,26,15-Nov-19,Our Pathetic Age,8.3,42,1.6153846153846154
The Darkness,69,14,4-Oct-19,Easter is Cancelled,7.6,4,0.2857142857142857
ScHoolboy Q,69,14,26-Apr-19,CrasH Talk,6.9,156,11.142857142857142
Cosey Fanni Tutti,69,0,8-Feb-19,Tutti,tbd,0,0.0
Allah-Las,70,13,11-Oct-19,Lahs,7.8,1,0.07692307692307693
Common,70,11,30-Aug-19,Let Love,7.1,30,2.727272727272727
Pixies,70,12,13-Sep-19,Beneath the Eyrie,7.5,4,0.3333333333333333
Future,70,20,18-Jan-19,Future Hndrxx Presents: The WIZRD,6.1,226,11.3
Kindness,70,13,6-Sep-19,Something Like a War,7.4,1,0.07692307692307693
Ride,70,12,16-Aug-19,This Is Not a Safe Place,8.1,0,0.0
Mndsgn,70,0,14-Jun-19,Snaxx,tbd,0,0.0
Madonna,70,18,14-Jun-19,Madame X,8.8,22,1.2222222222222223
Nick Cave & the Bad Seeds,96,11,4-Oct-19,Ghosteen,8.7,0,0.0
Weyes Blood,91,11,5-Apr-19,Titanic Rising,9.0,0,0.0
Little Simz,91,10,1-Mar-19,Grey Area,8.3,60,6.0
Baroness,91,17,14-Jun-19,Gold & Grey,7.4,3,0.17647058823529413
Raphael Saadiq,90,13,23-Aug-19,Jimmy Lee,5.8,15,1.1538461538461537
Rapsody,90,16,23-Aug-19,Eve,8.0,68,4.25
Dave,90,11,8-Mar-19,Psychodrama,7.9,63,5.7272727272727275
Michael Kiwanuka,89,14,1-Nov-19,Kiwanuka,8.2,0,0.0
Jamila Woods,89,13,10-May-19,LEGACY! LEGACY!,8.0,18,1.3846153846153846
Angel Olsen,89,11,4-Oct-19,All Mirrors,7.6,6,0.5454545454545454
Solange,89,19,1-Mar-19,When I Get Home,7.5,16,0.8421052631578947
Slipknot,89,14,9-Aug-19,We Are Not Your Kind,8.5,23,1.6428571428571428
Refused,88,10,18-Oct-19,War Music,8.4,8,0.8
Lingua Ignota,88,11,19-Jul-19,Caligula,7.9,12,1.0909090909090908
Aldous Harding,88,9,26-Apr-19,Designer,8.3,2,0.2222222222222222
FKA twigs,88,9,8-Nov-19,Magdalene,8.9,3,0.3333333333333333
Brittany Howard,88,11,20-Sep-19,Jaime,7.9,2,0.18181818181818182
Freddie Gibbs,88,0,28-Jun-19,Bandana,8.6,0,0.0
Bill Callahan,88,20,14-Jun-19,Shepherd in a Sheepskin Vest,7.4,0,0.0
Big Thief,87,12,3-May-19,U.F.O.F.,8.5,1,0.08333333333333333
Cate Le Bon,87,10,24-May-19,Reward,8.0,0,0.0
Purple Mountains,87,10,12-Jul-19,Purple Mountains,7.8,5,0.5
Lana Del Rey,87,14,30-Aug-19,Norman Fucking Rockwell!,9.2,40,2.857142857142857
Sharon Van Etten,86,10,18-Jan-19,Remind Me Tomorrow,8.1,3,0.3
Ariana Grande,86,12,8-Feb-19,"thank u, next",7.2,34,2.8333333333333335
Bobby Krlic,86,0,5-Jul-19,Midsommar [Original Motion Picture Soundtrack],8.0,0,0.0
(Sandy) Alex G,86,14,13-Sep-19,House of Sugar,8.7,2,0.14285714285714285
Fontaines DC,86,11,12-Apr-19,Dogrel,8.2,2,0.18181818181818182
Chai,86,10,15-Mar-19,Punk,7.2,0,0.0
Rhiannon Giddens,86,16,3-May-19,There is No Other,7.5,0,0.0
Edwyn Collins,85,12,29-Mar-19,Badbea,tbd,3,0.25
PUP,85,11,5-Apr-19,Morbid Stuff,8.3,13,1.1818181818181819
Denzel Curry,85,12,31-May-19,ZUU,7.9,109,9.083333333333334
JPEGMAFIA,85,18,13-Sep-19,All My Heroes Are Cornballs,8.7,204,11.333333333333334
Yola,85,12,22-Feb-19,Walk Through Fire,8.3,0,0.0
Bedouine,85,12,21-Jun-19,Bird Songs of a Killjoy,6.9,1,0.08333333333333333
Tinariwen,85,0,6-Sep-19,Amadjar,7.6,0,0.0
Sunn O))),85,4,19-Apr-19,Life Metal,7.5,0,0.0
Opeth,85,10,27-Sep-19,In Cauda Venenum,8.8,0,0.0
Mannequin Pussy,85,10,21-Jun-19,Patience,7.9,11,1.1
Big Thief,85,10,11-Oct-19,Two Hands,8.3,0,0.0
Nilüfer Yanya,85,0,22-Mar-19,Miss Universe,8.3,0,0.0
Jenny Lewis,85,11,22-Mar-19,On the Line,8.4,2,0.18181818181818182
Bring Me the Horizon,85,13,25-Jan-19,Amo,7.5,34,2.6153846153846154
Julia Jacklin,85,10,22-Feb-19,Crushing,8.1,0,0.0
Marika Hackman,84,11,9-Aug-19,Any Human Friend,7.5,18,1.6363636363636365
Vanishing Twin,84,10,7-Jun-19,The Age of Immunology,tbd,0,0.0
The Twilight Sad,84,11,18-Jan-19,It Won't Be Like This All the Time,8.1,0,0.0
Teebs,84,15,25-Oct-19,Anicca,8.3,1,0.06666666666666667
Sleaford Mods,84,12,22-Feb-19,Eton Alive,7.1,27,2.25
Spellling,84,12,22-Feb-19,Mazy Fly,7.3,0,0.0
The Muffs,84,18,18-Oct-19,No Holiday,tbd,0,0.0
Elbow,84,9,11-Oct-19,Giants of All Sizes,7.6,1,0.1111111111111111
The Delines,84,10,11-Jan-19,The Imperial,7.4,1,0.1
Jenny Hval,84,8,13-Sep-19,The Practice of Love,7.9,1,0.125
Inter Arma,84,9,12-Apr-19,Sulphur English,tbd,7,0.7777777777777778
Kate Tempest,84,11,14-Jun-19,The Book Of Traps and Lessons,8.2,2,0.18181818181818182
Mega Bog,84,10,28-Jun-19,Dolphine,8.6,1,0.1
Bruce Springsteen,84,13,14-Jun-19,Western Stars,7.1,5,0.38461538461538464
Devin Townsend,84,10,29-Mar-19,Empath,8.5,0,0.0
Beth Gibbons,84,0,29-Mar-19,"Henryk Górecki: Symphony No. 3 ""Symphony of Sorrowful Songs"" [Live]",7.9,0,0.0
Jessica Pratt,84,9,8-Feb-19,Quiet Signs,7.7,0,0.0
Thom Yorke,84,10,27-Jun-19,ANIMA,8.8,0,0.0
Leonard Cohen,84,9,22-Nov-19,Thanks for the Dance,7.8,7,0.7777777777777778
Lizzo,84,11,19-Apr-19,Cuz I Love You,7.5,75,6.818181818181818
Peter Perrett,84,12,7-Jun-19,Humanworld,tbd,3,0.25
Sudan Archives,83,14,1-Nov-19,Athena,7.4,6,0.42857142857142855
Danny Brown,83,0,4-Oct-19,uknowhatimsayin¿,8.3,0,0.0
The Comet Is Coming,83,9,15-Mar-19,Trust in the Lifeforce of the Deep Mystery,8.1,0,0.0
Joan Shelley,83,12,30-Aug-19,Like the River Loves the Sea,7.1,0,0.0
Hovvdy,83,13,18-Oct-19,Heavy Lifter,tbd,0,0.0
Tanya Tucker,83,10,23-Aug-19,While I'm Livin',8.7,8,0.8
Mekons,83,9,29-Mar-19,Deserted,tbd,2,0.2222222222222222
Sampa the Great,83,19,13-Sep-19,The Return,7.8,35,1.8421052631578947
Pharmakon,83,5,30-Aug-19,Devour,7.5,0,0.0
6ix9ine,38,13,27-Nov-18,DUMMY BOY,1.9,218,16.76923076923077
XXXTentacion,44,10,7-Dec-18,Skins,3.3,18,1.8
Sting,49,16,20-Apr-18,44/876,6.1,1,0.0625
Lil Xan,49,16,6-Apr-18,Total Xanarchy,2.7,286,17.875
Lil Yachty,50,17,9-Mar-18,Lil Boat 2,5.3,360,21.176470588235293
Post Malone,51,18,27-Apr-18,Beerbongs & Bentleys,6.3,113,6.277777777777778
Lil Yachty,52,15,19-Oct-18,Nuthin' 2 Prove,4.0,229,15.266666666666667
Greta Van Fleet,53,11,19-Oct-18,Anthem of the Peaceful Army,5.7,3,0.2727272727272727
Justin Timberlake,55,16,2-Feb-18,Man of the Woods,6.1,18,1.125
Derek Smalls,56,0,13-Apr-18,Smalls Change (Meditations Upon Ageing),tbd,0,0.0
Craig David,56,15,26-Jan-18,The Time Is Now,6.3,2,0.13333333333333333
Eric Clapton,57,16,12-Oct-18,Happy Xmas,tbd,0,0.0
Miles Kane,57,10,10-Aug-18,Coup de Grace,7.6,0,0.0
Dashboard Confessional,57,9,9-Feb-18,Crooked Shadows,6.2,5,0.5555555555555556
Disturbed,58,14,19-Oct-18,Evolution,6.1,13,0.9285714285714286
Nas,58,7,15-Jun-18,Nasir,7.8,28,4.0
Fall Out Boy,59,10,19-Jan-18,Mania,5.9,18,1.8
Richard Ashcroft,59,10,19-Oct-18,Natural Rebel,8.1,0,0.0
Imagine Dragons,59,12,9-Nov-18,Origins,6.1,0,0.0
The Kooks,59,15,31-Aug-18,Let's Go Sunshine,6.2,7,0.4666666666666667
Mumford & Sons,59,17,16-Nov-18,Delta,6.2,0,0.0
Animal Collective,60,13,17-Aug-18,Tangerine Reef,6.8,0,0.0
Stone Temple Pilots,60,12,16-Mar-18,Stone Temple Pilots [2018],7.7,0,0.0
Pale Waves,61,14,14-Sep-18,My Mind Makes Noises,6.3,3,0.21428571428571427
George Ezra,61,11,23-Mar-18,Staying at Tamara's,7.9,4,0.36363636363636365
Anne-Marie,62,18,27-Apr-18,Speak Your Mind,7.5,22,1.2222222222222223
Eminem,62,13,31-Aug-18,Kamikaze,8.2,189,14.538461538461538
Gengahr,62,0,9-Mar-18,Where Wilderness Grows,8.1,0,0.0
Tom Morello,63,12,12-Oct-18,The Atlas Underground,tbd,22,1.8333333333333333
Kate Nash,63,14,30-Mar-18,Yesterday Was Forever,7.3,16,1.1428571428571428
The Men,63,9,2-Mar-18,Drift,7.2,0,0.0
Nile Rodgers,63,10,28-Sep-18,It's About Time,7.5,4,0.4
Kylie Minogue,63,17,6-Apr-18,Golden,7.7,7,0.4117647058823529
Muse,63,21,9-Nov-18,Simulation Theory,6.8,0,0.0
Kanye West,64,7,1-Jun-18,Ye,7.1,59,8.428571428571429
Ministry,64,9,9-Mar-18,AmeriKKKant,5.9,6,0.6666666666666666
Snow Patrol,64,15,25-May-18,Wildness,7.7,34,2.2666666666666666
Smashing Pumpkins,65,8,16-Nov-18,"Shiny and Oh So Bright, Vol. 1: No Past. No Future. No Sun",6.5,0,0.0
We Are Scientists,65,10,27-Apr-18,Megaplex,tbd,1,0.1
Josh T. Pearson,65,10,13-Apr-18,The Straight Hits!,tbd,1,0.1
A Grave with No Name,65,0,19-Jan-18,Passover,tbd,0,0.0
Unknown Mortal Orchestra,66,7,26-Oct-18,IC-01 Hanoi,6.6,0,0.0
Still Corners,66,10,17-Aug-18,Slow Air,tbd,0,0.0
The Prodigy,66,10,2-Nov-18,No Tourists,6.8,5,0.5
Jungle,66,13,14-Sep-18,For Ever,7.8,2,0.15384615384615385
Jeff Goldblum,66,0,9-Nov-18,The Capitol Studios Sessions,tbd,0,0.0
Ty Segall,66,0,20-Jul-18,Joy,7.1,0,0.0
Lake Street Dive,66,10,4-May-18,Free Yourself Up,6.8,0,0.0
Tinashe,66,17,13-Apr-18,Joyride,7.9,24,1.411764705882353
Fischerspooner,67,13,16-Feb-18,Sir,7.5,12,0.9230769230769231
The Coral,67,11,10-Aug-18,Move Through the Dawn,tbd,0,0.0
Drake,67,25,29-Jun-18,Scorpion,3.9,170,6.8
Kyle Craft,67,10,2-Feb-18,Full Circle Nightmare,7.4,8,0.8
Chromeo,67,12,15-Jun-18,Head Over Heels,7.7,17,1.4166666666666667
Orbital,67,16,14-Sep-18,Monsters Exist,6.7,0,0.0
Shy Boys,67,10,3-Aug-18,Bell House,tbd,0,0.0
Jaakko Eino Kalevi,67,10,12-Oct-18,Out of Touch,tbd,0,0.0
Ray Davies,67,19,29-Jun-18,"Our Country: Americana, Act 2",tbd,0,0.0
A$AP Rocky,67,15,25-May-18,Testing,7.3,166,11.066666666666666
The Voidz,68,15,30-Mar-18,Virtue,8.2,3,0.2
Titus Andronicus,68,7,2-Mar-18,A Productive Cough,5.7,9,1.2857142857142858
MNEK,68,16,7-Sep-18,Language,8.1,7,0.4375
Art Brut,68,12,23-Nov-18,Wham! Bang! Pow! Let's Rock Out!,7.0,5,0.4166666666666667
Neil Finn,68,0,24-Aug-18,Lightsleeper,6.8,0,0.0
Dr. Dog,68,10,27-Apr-18,Critical Equation,6.3,0,0.0
Okkervil River,68,10,27-Apr-18,In the Rainbow Rain,7.1,1,0.1
S. Carey,68,10,23-Feb-18,Hundred Acres,7.1,0,0.0
Moaning,68,10,2-Mar-18,Moaning,7.2,0,0.0
A Place to Bury Strangers,68,20,13-Apr-18,Pinned,7.4,11,0.55
Dean Wareham,68,0,26-Oct-18,Dean Wareham vs. Cheval Sombre,tbd,0,0.0
Josh Rouse,68,9,13-Apr-18,Love in the Modern Age,tbd,0,0.0
Arthur Buck,68,11,15-Jun-18,Arthur Buck,tbd,0,0.0
A Perfect Circle,68,12,20-Apr-18,Eat the Elephant,7.3,5,0.4166666666666667
Bonny Doon,68,10,23-Mar-18,Longwave,tbd,0,0.0
Glen Hansard,68,10,19-Jan-18,Between Two Shores,7.3,0,0.0
Noname,93,11,14-Sep-18,Room 25,8.4,57,5.181818181818182
Rolo Tomassi,92,10,2-Mar-18,Time Will Die and Love Will Bury It,7.1,0,0.0
Architects,90,11,9-Nov-18,Holy Hell,8.9,9,0.8181818181818182
Robyn,89,9,26-Oct-18,Honey,8.5,7,0.7777777777777778
Yves Tumor,89,11,5-Sep-18,Safe In The Hands Of Love,7.9,13,1.1818181818181819
Christine and the Queens,89,11,21-Sep-18,Chris,7.9,12,1.0909090909090908
Kacey Musgraves,89,13,30-Mar-18,Golden Hour,8.6,1,0.07692307692307693
Rival Consoles,88,12,13-Apr-18,Persona,7.8,0,0.0
Jeff Rosenstock,88,11,23-Mar-18,POST-,7.8,5,0.45454545454545453
Idles,88,12,31-Aug-18,Joy As an Act of Resistance,8.2,17,1.4166666666666667
Behemoth,88,13,5-Oct-18,I Loved You at Your Darkest,8.0,5,0.38461538461538464
Marianne Faithfull,88,13,2-Nov-18,Negative Capability,8.0,3,0.23076923076923078
Janelle Monáe,87,0,27-Apr-18,Dirty Computer,8.6,0,0.0
Car Seat Headrest,87,10,16-Feb-18,Twin Fantasy,8.5,13,1.3
Hookworms,87,9,2-Feb-18,Microshift,7.8,0,0.0
Alela Diane,87,11,9-Feb-18,Cusp,8.0,0,0.0
Objekt,87,0,9-Nov-18,Cocoon Crush,7.2,0,0.0
Daughters,87,10,26-Oct-18,You Won't Get What You Want,8.6,10,1.0
Mitski,87,14,17-Aug-18,Be the Cowboy,8.3,0,0.0
Serpentwithfeet,87,11,8-Jun-18,Soil,7.9,2,0.18181818181818182
U.S. Girls,87,11,16-Feb-18,In a Poem Unlimited,8.3,5,0.45454545454545453
Young Fathers,87,13,9-Mar-18,Cocoa Sugar,8.7,14,1.0769230769230769
Amen Dunes,87,11,30-Mar-18,Freedom,8.2,0,0.0
Kali Uchis,87,15,6-Apr-18,Isolation,8.6,6,0.4
Bruce Springsteen,87,35,14-Dec-18,Springsteen on Broadway,7.8,42,1.2
SOPHIE,86,9,15-Jun-18,Oil Of Every Pearl's Un-Insides,8.3,0,0.0
Ashley Monroe,86,12,20-Apr-18,Sparrow,6.6,2,0.16666666666666666
Tracyanne & Danny,86,10,25-May-18,Tracyanne & Danny,7.3,1,0.1
Hot Snakes,86,10,16-Mar-18,Jericho Sirens,7.9,4,0.4
Angélique Kidjo,86,0,8-Jun-18,Remain In Light,8.0,0,0.0
Kamasi Washington,86,16,22-Jun-18,Heaven & Earth,8.0,0,0.0
Mélissa Laveaux,86,0,23-Mar-18,Radyo Siwèl,tbd,0,0.0
Low,86,11,14-Sep-18,Double Negative,8.0,5,0.45454545454545453
Amanda Shires,86,10,3-Aug-18,To the Sunset,7.4,0,0.0
Mount Eerie,86,12,21-Sep-18,(After) [Live],tbd,2,0.16666666666666666
Pusha T,86,7,25-May-18,DAYTONA,8.5,54,7.714285714285714
Jonny Greenwood,86,18,9-Feb-18,Phantom Thread [Original Motion Picture Soundtrack],8.0,0,0.0
Earl Sweatshirt,86,15,30-Nov-18,Some Rap Songs,8.4,49,3.2666666666666666
Screaming Females,86,15,23-Feb-18,All at Once,7.8,0,0.0
DJ Koze,85,16,4-May-18,Knock Knock,8.0,3,0.1875
Alva Noto,85,0,16-Feb-18,Glass,7.6,0,0.0
BROCKHAMPTON,85,15,21-Sep-18,Iridescence,7.9,112,7.466666666666667
Deafheaven,85,7,13-Jul-18,Ordinary Corrupt Human Love,8.0,0,0.0
Marie Davidson,85,10,5-Oct-18,Working Class Woman,7.8,7,0.7
Ezra Furman,85,13,9-Feb-18,Transangelic Exodus,8.0,7,0.5384615384615384
Bettye LaVette,85,0,30-Mar-18,Things Have Changed,7.3,0,0.0
Let's Eat Grandma,85,11,29-Jun-18,I'm All Ears,8.1,1,0.09090909090909091
Neko Case,85,12,1-Jun-18,Hell-On,7.7,0,0.0
Pistol Annies,85,14,2-Nov-18,Interstate Gospel,8.3,6,0.42857142857142855
Sarah Davachi,85,0,14-Sep-18,Gave in Rest,tbd,0,0.0
Laurie Anderson,85,30,16-Feb-18,Landfall,6.9,0,0.0
Virginia Wing,85,10,8-Jun-18,Ecstatic Arrow,7.8,0,0.0
Travis Scott,85,17,3-Aug-18,Astroworld,7.9,134,7.882352941176471
Troye Sivan,85,10,31-Aug-18,Bloom,8.1,5,0.5
Spiritualized,84,9,7-Sep-18,And Nothing Hurt,7.8,0,0.0
Jeff Tweedy,84,11,30-Nov-18,Warm,8.0,1,0.09090909090909091
No Age,84,12,26-Jan-18,Snares Like a Haircut,7.9,1,0.08333333333333333
Richard Swift,84,11,21-Sep-18,The Hex,6.7,0,0.0
Kids See Ghosts,84,7,8-Jun-18,Kids See Ghosts,8.6,13,1.8571428571428572
Lonnie Holley,84,10,21-Sep-18,MITH,tbd,0,0.0
Willie Nelson,84,11,27-Apr-18,Last Man Standing,7.7,18,1.6363636363636365
The Necks,84,0,17-Aug-18,Body,tbd,0,0.0
CupcakKe,84,15,5-Jan-18,Ephorize,8.6,342,22.8
Rolling Blackouts Coastal Fever,84,10,15-Jun-18,Hope Downs,8.0,0,0.0
Proc Fiskal,84,0,8-Jun-18,Insula,tbd,0,0.0
Cardi B,84,13,6-Apr-18,Invasion of Privacy,5.8,263,20.23076923076923
Jon Hopkins,84,12,4-May-18,Singularity,8.3,0,0.0
Sleep,84,6,20-Apr-18,The Sciences,7.8,0,0.0
Stephen Malkmus & the Jicks,84,11,18-May-18,Sparkle Hard,7.8,2,0.18181818181818182
The Breeders,84,11,2-Mar-18,All Nerve,7.3,0,0.0
Jon Hassell,84,0,8-Jun-18,Listening to Pictures (Pentimento Volume I),7.6,0,0.0
Miya Folick,84,10,26-Oct-18,Premonitions,7.7,3,0.3
Blood Orange,84,17,24-Aug-18,Negro Swan,8.2,20,1.1764705882352942
Eleanor Friedberger,84,10,4-May-18,Rebound,7.6,1,0.1
Chilly Gonzales,84,15,7-Sep-18,Solo Piano III,tbd,0,0.0
The Chainsmokers,43,12,7-Apr-17,Memories: Do Not Open,2.0,14,1.1666666666666667
Incubus,45,12,21-Apr-17,8,6.7,24,2.0
Linkin Park,46,10,19-May-17,One More Light,5.2,2,0.2
Imagine Dragons,47,11,23-Jun-17,Evolve,6.9,0,0.0
Faith Evans and the Notorious B.I.G.,48,25,19-May-17,The King & I,6.7,99,3.96
Eminem,50,19,15-Dec-17,Revival,6.3,135,7.105263157894737
Katy Perry,52,17,9-Jun-17,Witness,7.0,17,1.0
Prophets of Rage,54,12,15-Sep-17,Prophets of Rage,5.0,46,3.8333333333333335
Ringo Starr,55,14,15-Sep-17,Give More Love,5.5,2,0.14285714285714285
Lupe Fiasco,56,15,10-Feb-17,Drogas Light,6.5,212,14.133333333333333
Foster the People,56,12,21-Jul-17,Sacred Hearts Club,7.9,0,0.0
Miley Cyrus,58,11,29-Sep-17,Younger Now,7.0,8,0.7272727272727273
Shania Twain,58,16,29-Sep-17,Now,6.4,1,0.0625
Maroon 5,58,16,3-Nov-17,Red Pill Blues,4.6,3,0.1875
Morrissey,59,12,17-Nov-17,Low in High School,5.1,8,0.6666666666666666
Amanda Palmer,60,0,5-May-17,I Can Spin a Rainbow,6.4,0,0.0
Joan of Arc,60,11,20-Jan-17,He's Got the Whole This Land Is Your Land in His Hands,5.3,10,0.9090909090909091
Danzig,61,9,26-May-17,Black Laden Crown,3.2,2,0.2222222222222222
DJ Khaled,61,23,23-Jun-17,Grateful,3.7,134,5.826086956521739
Hype Williams,61,20,25-Aug-17,Rainbow Edition,tbd,0,0.0
Hurts,61,14,29-Sep-17,Desire,6.5,0,0.0
Horse Thief,62,0,27-Jan-17,Trials & Truths,tbd,0,0.0
Cut Copy,62,10,22-Sep-17,Haiku from Zero,6.7,0,0.0
P!nk,62,14,13-Oct-17,Beautiful Trauma,7.5,37,2.642857142857143
Ed Sheeran,62,17,3-Mar-17,Divide,4.5,5,0.29411764705882354
The Dears,62,10,14-Jul-17,"Times Infinity, Vol. 2",tbd,2,0.2
Macklemore,63,16,22-Sep-17,Gemini,6.3,78,4.875
TLC,63,13,30-Jun-17,TLC,6.2,15,1.1538461538461537
Yung Lean,63,14,10-Nov-17,Stranger,7.8,51,3.642857142857143
Lil Yachty,63,23,26-May-17,Teenage Emotions,3.9,309,13.434782608695652
U2,63,17,1-Dec-17,Songs of Experience,7.0,5,0.29411764705882354
Lunice,63,11,8-Sep-17,CCCLX,tbd,14,1.2727272727272727
Weezer,64,10,27-Oct-17,Pacific Daydream,5.3,2,0.2
The Amazons,64,11,26-May-17,The Amazons,7.4,0,0.0
Wu-Tang,64,18,13-Oct-17,The Saga Continues,8.2,134,7.444444444444445
Minus the Bear,64,10,3-Mar-17,Voids,8.0,1,0.1
Rag 'n' Bone Man,64,19,10-Feb-17,Human,6.1,0,0.0
Body Count,64,11,31-Mar-17,Bloodlust,6.9,109,9.909090909090908
Nelly Furtado,64,16,31-Mar-17,The Ride,8.5,2,0.125
Mike Oldfield,64,0,27-Jan-17,Return to Ommadawn,8.3,0,0.0
Fifth Harmony,64,12,25-Aug-17,Fifth Harmony,7.3,28,2.3333333333333335
Sleigh Bells,65,7,10-Nov-17,Kid Kruschev,7.0,12,1.7142857142857142
Alt-J,65,8,2-Jun-17,Relaxer,7.1,11,1.375
!!! [Chik Chik Chik],65,12,19-May-17,Shake the Shudder,7.0,3,0.25
Adult.,65,0,17-Mar-17,Detroit House Guests,tbd,0,0.0
Death from Above,65,0,8-Sep-17,Outrage! Is Now,7.6,0,0.0
Charles Hayward,65,0,17-Nov-17,Improvisations,tbd,0,0.0
Thievery Corporation,65,15,10-Feb-17,Temple of I & I,6.3,5,0.3333333333333333
Goldie,65,0,16-Jun-17,The Journey Man,tbd,0,0.0
Logic,65,13,5-May-17,Everybody,6.5,216,16.615384615384617
Sun Kil Moon,65,16,24-Feb-17,Common as Light and Love Are Red Valleys of Blood,8.2,118,7.375
Todd Rundgren,66,15,12-May-17,White Knight,tbd,11,0.7333333333333333
The Isley Brothers,66,0,28-Jul-17,Power of Peace,tbd,0,0.0
The Telescopes,66,0,7-Jul-17,As Light Return,tbd,0,0.0
Formation,66,10,24-Mar-17,Look at the Powerful People,tbd,79,7.9
The Bronx,66,11,22-Sep-17,BRVNX (V),tbd,5,0.45454545454545453
Kele Okereke,66,13,6-Oct-17,Fatherland,4.4,0,0.0
Arcade Fire,66,14,28-Jul-17,Everything Now,6.3,24,1.7142857142857142
Jake Bugg,66,11,1-Sep-17,Hearts That Strain,7.9,0,0.0
Halsey,66,17,2-Jun-17,Hopeless Fountain Kingdom,8.1,27,1.588235294117647
Alexandra Savior,66,11,7-Apr-17,Belladonna of Sadness,8.2,10,0.9090909090909091
Moon Diagrams,67,8,30-Jun-17,Lifetime of Love,tbd,0,0.0
Sundara Karma,67,15,6-Jan-17,Youth Is Only Ever Fun in Retrospect,7.1,5,0.3333333333333333
Menace Beach,67,0,27-Jan-17,Lemon Memory,tbd,0,0.0
Toothless,67,10,27-Jan-17,The Pace of the Passing,tbd,0,0.0
Maxïmo Park,67,0,21-Apr-17,Risk To Exist,7.3,0,0.0
Surfer Blood,67,9,3-Feb-17,Snowdonia,7.0,0,0.0
Little Dragon,67,10,14-Apr-17,Season High,7.5,2,0.2
You Me at Six,67,10,6-Jan-17,Night People,7.2,1,0.1
Future,67,20,17-Feb-17,Future,6.4,276,13.8
Big Sean,67,14,3-Feb-17,I Decided.,7.0,151,10.785714285714286
Sohn,67,10,13-Jan-17,Rennen,7.1,0,0.0
London Grammar,68,18,9-Jun-17,Truth Is a Beautiful Thing,8.4,12,0.6666666666666666
Neil Young,68,10,1-Dec-17,The Visitor,6.3,0,0.0
The Orwells,68,13,17-Feb-17,Terrible Human Beings,7.9,6,0.46153846153846156
Kendrick Lamar,95,14,14-Apr-17,DAMN.,8.4,161,11.5
Mount Eerie,93,11,24-Mar-17,A Crow Looked at Me,8.0,1,0.09090909090909091
Lorde,91,11,16-Jun-17,Melodrama,8.8,22,2.0
Converge,89,13,3-Nov-17,The Dusk in Us,7.6,3,0.23076923076923078
Creeper,89,11,24-Mar-17,"Eternity, In Your Arms",7.6,2,0.18181818181818182
Jlin,89,12,19-May-17,Black Origami,7.1,0,0.0
Vince Staples,89,12,23-Jun-17,Big Fish Theory,8.3,39,3.25
Valerie June,89,12,10-Mar-17,The Order of Time,7.9,0,0.0
St. Vincent,88,14,13-Oct-17,Masseduction,8.8,125,8.928571428571429
Brand New,88,12,19-Aug-17,Science Fiction,8.4,5,0.4166666666666667
Fever Ray,87,11,27-Oct-17,Plunge,7.7,14,1.2727272727272727
Rapsody,87,0,22-Sep-17,Laila’s Wisdom,8.2,0,0.0
Oxbow,87,0,5-May-17,The Thin Black Duke,7.8,0,0.0
Charly Bliss,87,10,21-Apr-17,Guppy,7.9,0,0.0
Arca,87,14,7-Apr-17,Arca,8.1,0,0.0
Circuit des Yeux,87,8,20-Oct-17,Reaching for Indigo,7.2,0,0.0
The Horrors,87,12,22-Sep-17,V,8.2,0,0.0
SZA,86,15,9-Jun-17,CTRL,8.8,61,4.066666666666666
Power Trip,86,8,24-Feb-17,Nightmare Logic,7.7,2,0.25
Vijay Iyer,86,1,25-Aug-17,Far from Over,tbd,0,0.0
The Replacements,86,4,6-Oct-17,For Sale: Live at Maxwell's 1986,7.7,0,0.0
Four Tet,86,14,29-Sep-17,New Energy,8.2,0,0.0
Gas,86,0,21-Apr-17,Narkopop,7.7,0,0.0
Sampha,86,10,3-Feb-17,Process,8.1,1,0.1
Magnetic Fields,86,0,10-Mar-17,50 Song Memoir,7.6,0,0.0
Paul Weller,86,10,12-May-17,A Kind Revolution,7.6,0,0.0
Tinariwen,86,2,10-Feb-17,Elwan,7.8,0,0.0
Rodney Crowell,86,10,31-Mar-17,Close Ties,7.9,8,0.8
Sharon Jones & the Dap-Kings,86,11,17-Nov-17,Soul of a Woman,8.2,0,0.0
LCD Soundsystem,86,11,1-Sep-17,American Dream,8.4,7,0.6363636363636364
PVRIS,86,10,25-Aug-17,"All We Know of Heaven, All We Need of Hell",8.3,4,0.4
Algiers,86,12,23-Jun-17,The Underside of Power,7.9,12,1.0
Bedouine,85,10,23-Jun-17,Bedouine,6.8,0,0.0
Protomartyr,85,12,29-Sep-17,Relatives in Descent,7.9,0,0.0
The National,85,12,8-Sep-17,Sleep Well Beast,8.4,5,0.4166666666666667
The xx,85,13,13-Jan-17,I See You,8.1,0,0.0
Moses Sumney,85,13,22-Sep-17,Aromanticism,8.2,0,0.0
The Moonlandingz,85,11,24-Mar-17,Interplanetary Class Classics,7.0,0,0.0
Laura Marling,85,9,10-Mar-17,Semper Femina,8.0,4,0.4444444444444444
The Weather Station,85,11,6-Oct-17,The Weather Station,6.7,1,0.09090909090909091
Father John Misty,85,14,7-Apr-17,Pure Comedy,7.9,16,1.1428571428571428
Ryuichi Sakamoto,85,14,28-Apr-17,async,7.7,0,0.0
Pwr Bttm,85,13,12-May-17,Pageant,5.5,19,1.4615384615384615
Young Thug,84,14,16-Jun-17,Beautiful Thugger Girls,7.7,146,10.428571428571429
Aimee Mann,84,13,31-Mar-17,Mental Illness,7.8,1,0.07692307692307693
Godflesh,84,10,17-Nov-17,Post Self,tbd,0,0.0
Karine Polwart,84,0,17-Nov-17,A Pocket of Wind Resistance,tbd,0,0.0
"Tyler, The Creator",84,14,21-Jul-17,Flower Boy,8.7,115,8.214285714285714
Seamus Fogarty,84,1,6-Oct-17,The Curious Hand,tbd,0,0.0
Alan Vega,84,9,14-Jul-17,It,tbd,12,1.3333333333333333
Laurel Halo,84,12,23-Jun-17,Dust,7.7,1,0.08333333333333333
Perfume Genius,84,13,5-May-17,No Shape,8.4,0,0.0
Juana Molina,84,13,5-May-17,Halo,7.9,0,0.0
Loyle Carner,84,15,20-Jan-17,Yesterday's Gone,8.4,23,1.5333333333333334
Robert Plant,84,11,13-Oct-17,Carry Fire,8.1,0,0.0
J Hus,84,18,12-May-17,Common Sense,8.2,50,2.7777777777777777
Juliana Hatfield,84,14,28-Apr-17,Pussycat,7.0,14,1.0
Nadia Reid,84,10,3-Mar-17,Preservation,8.0,4,0.4
William Basinski,84,2,20-Jan-17,A Shadow in Time,7.5,0,0.0
Kelela,84,14,6-Oct-17,Take Me Apart,8.3,9,0.6428571428571429
Wiley,84,17,13-Jan-17,Godfather,8.1,25,1.4705882352941178
Vagabon,84,8,24-Feb-17,Infinite Worlds,7.9,1,0.125
Songhoy Blues,84,12,16-Jun-17,Resistance,7.0,0,0.0
Jane Weaver,84,10,19-May-17,Modern Kosmology,7.5,0,0.0
Pumarosa,84,10,19-May-17,The Witch,8.3,4,0.4
Jim Jones & The Righteous Mind,84,0,12-May-17,Super Natural,tbd,0,0.0
Saltland,84,0,31-Mar-17,A Common Truth,tbd,0,0.0
Ibibio Sound Machine,84,1,3-Mar-17,Uyai,7.7,0,0.0
Jesca Hoop,83,9,10-Feb-17,Memories Are Now,8.0,2,0.2222222222222222
Japanese Breakfast,83,12,14-Jul-17,Soft Sounds From Another Planet,8.2,0,0.0
Sheer Mag,83,12,14-Jul-17,Need to Feel Your Love,7.9,0,0.0
Julien Baker,83,11,27-Oct-17,Turn Out the Lights,7.9,2,0.18181818181818182
Sleater-Kinney,83,13,27-Jan-17,Live in Paris,7.7,2,0.15384615384615385
Hurray for the Riff Raff,83,12,10-Mar-17,The Navigator,7.1,5,0.4166666666666667
Mark Lanegan Band,83,0,28-Apr-17,Gargoyle,7.6,0,0.0
Charlie Puth,37,13,29-Jan-16,Nine Track Mind,4.6,1,0.07692307692307693
Various Artists,48,15,18-Mar-16,Star Wars Headspace,4.2,0,0.0
Richard Ashcroft,51,10,20-May-16,These People,7.5,0,0.0
Bloc Party,55,15,29-Jan-16,Hymns,5.5,14,0.9333333333333333
Die Antwoord,55,16,16-Sep-16,Mount Ninji and Da Nice Time Kid,6.2,212,13.25
MSTRKRFT,55,10,22-Jul-16,Operator,tbd,0,0.0
Fitz & the Tantrums,56,12,10-Jun-16,Fitz and the Tantrums,4.4,7,0.5833333333333334
Wiz Khalifa,56,13,5-Feb-16,Khalifa,5.0,206,15.846153846153847
Neil Young,57,10,9-Dec-16,Peace Trail,4.6,2,0.2
Benji Hughes,57,12,29-Jan-16,Songs in the Key of Animals,tbd,0,0.0
Thom Sonny Green,57,21,19-Aug-16,High Anxiety,tbd,0,0.0
Kula Shaker,58,12,12-Feb-16,K 2.0,tbd,4,0.3333333333333333
Choir of Young Believers,59,12,19-Feb-16,Grasque,tbd,0,0.0
Jake Bugg,59,11,17-Jun-16,On My One,6.9,1,0.09090909090909091
Macklemore & Ryan Lewis,59,19,26-Feb-16,This Unruly Mess I've Made,6.1,85,4.473684210526316
Kaiser Chiefs,59,12,7-Oct-16,Stay Together,6.2,14,1.1666666666666667
Robbie Williams,59,16,4-Nov-16,Heavy Entertainment Show,8.4,24,1.5
Simple Minds,59,0,11-Nov-16,Simple Minds Acoustic,tbd,0,0.0
Mr. Oizo,59,15,30-Sep-16,All Wet,7.5,0,0.0
Travis,60,10,29-Apr-16,Everything at Once,7.3,1,0.1
Catfish and the Bottlemen,60,11,27-May-16,The Ride,7.2,6,0.5454545454545454
Meghan Trainor,60,12,13-May-16,Thank You,5.6,6,0.5
Moby & the Void Pacific Choir,61,12,14-Oct-16,These Systems Are Failing,7.6,1,0.08333333333333333
Wolfmother,61,12,19-Feb-16,Victorious,6.4,0,0.0
Wet,61,11,29-Jan-16,Don't You,7.8,0,0.0
Violent Femmes,61,10,4-Mar-16,We Can Do Anything,6.5,1,0.1
Ladyhawke,62,11,3-Jun-16,Wild Things,7.3,4,0.36363636363636365
Cassius,62,10,26-Aug-16,Ibifornia,tbd,4,0.4
Mono,62,0,14-Oct-16,Requiem for Hell,tbd,0,0.0
Steven Tyler,62,15,15-Jul-16,We're All Somebody from Somewhere,7.3,8,0.5333333333333333
Gwen Stefani,62,18,18-Mar-16,This Is What the Truth Feels Like,7.8,16,0.8888888888888888
Yuck,62,11,26-Feb-16,Stranger Things,6.5,0,0.0
Various Artists,62,3,29-Jul-16,Quiero Creedence,tbd,0,0.0
Spectres,62,0,15-Apr-16,Dead,tbd,0,0.0
Kings of Leon,62,10,14-Oct-16,Walls,6.6,0,0.0
Deadmau5,63,14,2-Dec-16,W:/2016ALBUM/,6.7,0,0.0
Faun Fables,63,0,22-Jul-16,Born of the Sun,tbd,0,0.0
Various Artists,63,15,14-Oct-16,Say Yes!: A Tribute to Elliott Smith,tbd,2,0.13333333333333333
Fat White Family,63,10,22-Jan-16,Songs for Our Mothers,tbd,0,0.0
Flowers,63,10,12-Feb-16,Everybody's Dying To Meet You,tbd,0,0.0
Cyndi Lauper,63,12,6-May-16,Detour,6.3,0,0.0
Blink-182,63,16,1-Jul-16,California,7.6,8,0.5
Katy B,63,14,22-Apr-16,Honey,7.6,6,0.42857142857142855
The Dandy Warhols,64,10,8-Apr-16,Distortland,tbd,3,0.3
Pixies,64,12,30-Sep-16,Head Carrier,7.2,6,0.5
Hot Hot Heat,64,10,24-Jun-16,Hot Hot Heat,7.8,0,0.0
Phantogram,64,11,7-Oct-16,Three,7.6,0,0.0
Ronnie Spector,64,14,8-Apr-16,English Heart,tbd,0,0.0
Still Corners,64,11,16-Sep-16,Dead Blue,tbd,0,0.0
Balance & Composure,64,10,7-Oct-16,Light We Made,8.2,2,0.2
Conrad Keely,64,24,22-Jan-16,Original Machines,tbd,1,0.041666666666666664
Travis Scott,64,14,2-Sep-16,Birds In The Trap Sing McKnight,7.7,104,7.428571428571429
The Pop Group,64,0,28-Oct-16,Honeymoon on Mars,5.6,0,0.0
Jack Garratt,64,19,19-Feb-16,Phase,7.4,0,0.0
M.I.A.,65,19,9-Sep-16,AIM,8.1,20,1.0526315789473684
Malcolm Middleton,65,10,27-May-16,Summer of '13,tbd,1,0.1
The Chris Robinson Brotherhood,65,8,29-Jul-16,"Anyway You Love, We Know How You Feel",tbd,1,0.125
The Strumbellas,65,11,22-Apr-16,Hope,5.6,1,0.09090909090909091
Methyl Ethel,65,12,20-May-16,Oh Inhuman Spectacle,tbd,1,0.08333333333333333
Gap Dream,65,0,22-Jul-16,This Is Gap Dream,tbd,0,0.0
Joan as Police Woman,65,1,21-Oct-16,Let It Be You,tbd,0,0.0
Villagers,65,12,8-Jan-16,Where Have You Been All My Life?,6.7,0,0.0
Primal Scream,65,10,18-Mar-16,Chaosmosis,7.3,3,0.3
Santana,65,16,15-Apr-16,Santana IV,7.2,0,0.0
Neil Young,65,13,24-Jun-16,Earth,8.2,2,0.15384615384615385
Red Hot Chili Peppers,66,13,17-Jun-16,The Getaway,7.9,4,0.3076923076923077
Trentemøller,66,0,16-Sep-16,Fixion,tbd,0,0.0
Peter Bjorn and John,66,12,10-Jun-16,Breakin' Point,6.8,1,0.08333333333333333
Edward Sharpe & the Magnetic Zeros,66,10,15-Apr-16,PersonA,7.6,5,0.5
Guided by Voices,66,15,22-Apr-16,Please Be Honest,4.5,0,0.0
M83,66,16,8-Apr-16,Junk,7.9,1,0.0625
2 Chainz,66,13,4-Mar-16,Collegrove,7.4,283,21.76923076923077
Good Charlotte,66,16,15-Jul-16,Youth Authority,6.4,18,1.125
Gonjasufi,66,3,19-Aug-16,Callus,tbd,3,1.0
La Sera,66,10,4-Mar-16,Music For Listening To Music To,tbd,1,0.1
Nick Cave & the Bad Seeds,95,8,9-Sep-16,Skeleton Tree,8.3,1,0.125
Beyoncé,92,0,23-Apr-16,Lemonade,7.8,0,0.0
Leonard Cohen,92,10,21-Oct-16,You Want It Darker,8.3,0,0.0
A Tribe Called Quest,91,17,11-Nov-16,We Got It From Here...Thank You 4 Your Service,8.7,143,8.411764705882353
Chance the Rapper,89,14,13-May-16,Coloring Book [Mixtape],8.3,87,6.214285714285714
Solange,89,21,30-Sep-16,A Seat at the Table,8.4,32,1.5238095238095237
Drive-By Truckers,88,11,30-Sep-16,American Band,7.9,3,0.2727272727272727
Radiohead,88,13,8-May-16,A Moon Shaped Pool,8.9,0,0.0
Run the Jewels,88,14,25-Dec-16,Run the Jewels 3,8.7,151,10.785714285714286
Common,88,15,4-Nov-16,Black America Again,7.2,12,0.8
Robbie Fulks,87,12,1-Apr-16,Upland Stories,4.2,1,0.08333333333333333
David Bowie,87,8,8-Jan-16,Blackstar,8.8,18,2.25
Angel Olsen,87,10,2-Sep-16,My Woman,8.5,1,0.1
Frank Ocean,87,17,20-Aug-16,Blonde,8.8,93,5.470588235294118
Mitski,87,12,17-Jun-16,Puberty 2,8.6,0,0.0
NAILS,87,0,17-Jun-16,You Will Never Be One of Us,6.6,0,0.0
Bon Iver,87,10,30-Sep-16,"22, A Million",8.3,6,0.6
Ital Tek,86,13,18-Mar-16,Hollowed,8.0,0,0.0
Sturgill Simpson,86,9,15-Apr-16,A Sailor's Guide to Earth,8.1,12,1.3333333333333333
Michael Kiwanuka,86,10,15-Jul-16,Love & Hate,8.5,0,0.0
Maxwell,86,12,1-Jul-16,blackSUMMERS'night (2016),8.3,0,0.0
Ian William Craig,86,13,8-Jul-16,Centres,7.5,0,0.0
Car Seat Headrest,86,15,20-May-16,Teens of Denial,8.3,47,3.1333333333333333
The Dillinger Escape Plan,86,11,14-Oct-16,Dissociation,8.1,8,0.7272727272727273
Margo Price,86,10,25-Mar-16,Midwest Farmer's Daughter,7.9,6,0.6
William Bell,86,12,3-Jun-16,This Is Where I Live,8.2,0,0.0
Teho Teardo,86,0,22-Apr-16,Nerissimo,7.2,0,0.0
Kendrick Lamar,86,8,4-Mar-16,untitled unmastered.,8.4,57,7.125
Paul Simon,85,16,3-Jun-16,Stranger to Stranger,8.0,5,0.3125
Neurosis,85,5,23-Sep-16,Fires Within Fires,7.3,0,0.0
Anderson .Paak,85,17,15-Jan-16,Malibu,8.6,56,3.2941176470588234
Danny Brown,85,16,27-Sep-16,Atrocity Exhibition,8.7,150,9.375
The Hotelier,85,13,27-May-16,Goodness,7.8,1,0.07692307692307693
Aesop Rock,85,18,29-Apr-16,The Impossible Kid,8.6,45,2.5
John K. Samson,85,15,21-Oct-16,Winter Wheat,8.3,0,0.0
Kevin Morby,84,10,15-Apr-16,Singing Saw,7.9,1,0.1
Kate Bush,84,29,2-Dec-16,Before the Dawn [Live],8.4,5,0.1724137931034483
Esperanza Spalding,84,14,4-Mar-16,Emily's D+Evolution,7.8,3,0.21428571428571427
Nels Cline,84,18,5-Aug-16,Lovers,7.2,0,0.0
Loretta Lynn,84,14,4-Mar-16,Full Circle,7.5,1,0.07142857142857142
Kate Tempest,84,13,7-Oct-16,Let Them Eat Chaos,7.9,19,1.4615384615384615
Touche Amore,84,12,16-Sep-16,Stage Four,8.1,0,0.0
Virginia Wing,84,10,11-Nov-16,Forward Constant Motion,tbd,0,0.0
Pinegrove,84,9,12-Feb-16,Cardinal,8.1,3,0.3333333333333333
Jenny Hval,84,12,30-Sep-16,Blood Bitch,8.0,2,0.16666666666666666
BJ the Chicago Kid,84,15,19-Feb-16,In My Mind,7.3,44,2.933333333333333
Karl Blau,84,10,13-May-16,Introducing Karl Blau,6.6,0,0.0
Anna Meredith,84,11,4-Mar-16,Varmints,7.7,0,0.0
Little Simz,84,16,16-Dec-16,Stillness In Wonderland,8.4,88,5.5
Helen Money,84,8,16-Sep-16,Become Zero,tbd,0,0.0
Moodymann,83,0,19-Feb-16,DJ-Kicks,7.6,0,0.0
Lambchop,83,11,4-Nov-16,FLOTUS,8.1,1,0.09090909090909091
Bob Mould,83,12,25-Mar-16,Patch the Sky,7.4,1,0.08333333333333333
Skepta,83,14,6-May-16,Konnichiwa,7.8,73,5.214285714285714
Colin Stetson,83,0,8-Apr-16,Sorrow: Reimagining of Gorecki's 3rd Symphony,7.8,0,0.0
Andy Shauf,83,10,20-May-16,The Party,8.6,7,0.7
Whitney,83,11,3-Jun-16,Light Upon the Lake,8.7,0,0.0
Kyle Dixon,83,36,12-Aug-16,"Stranger Things, Vol. 1 [Original Television Series Soundtrack]",8.3,0,0.0
King Gizzard & the Lizard Wizard,83,10,29-Apr-16,Nonagon Infinity,8.7,6,0.6
Neko Case,83,0,17-Jun-16,case/lang/veirs,7.9,0,0.0
YG,83,17,17-Jun-16,Still Brazy,8.5,371,21.823529411764707
The Avalanches,83,24,8-Jul-16,Wildflower,8.3,50,2.0833333333333335
Damien Jurado,83,17,18-Mar-16,Visions of Us on the Land,8.1,0,0.0
Lucinda Williams,83,14,5-Feb-16,The Ghosts of Highway 20,7.5,6,0.42857142857142855
Freakwater,83,0,5-Feb-16,Scheherazade,tbd,0,0.0
Emma Pollock,83,11,26-Feb-16,In Search of Harperfield,7.0,1,0.09090909090909091
Steve Gunn,83,9,3-Jun-16,Eyes on the Lines,6.9,0,0.0
Adrian Younge,83,11,22-Jan-16,Something About April II,7.7,0,0.0
Grant-Lee Philips,83,13,18-Mar-16,The Narrows,5.2,1,0.07692307692307693
Anohni,83,12,6-May-16,Hopelessness,8.2,1,0.08333333333333333
School of Seven Bells,83,9,26-Feb-16,SVIIB,7.7,1,0.1111111111111111
Greys,83,10,22-Apr-16,Outer Heaven,6.4,2,0.2
King,83,12,5-Feb-16,We Are King,7.8,0,0.0
Oren Ambarchi,83,0,28-Oct-16,Hubris,tbd,0,0.0
Wadada Leo Smith,83,0,14-Oct-16,America's National Parks,tbd,0,0.0
Kodaline,51,16,24-Mar-15,Coming Up for Air,3.9,1,0.0625
Matt and Kim,52,10,7-Apr-15,New Glow,5.3,5,0.5
Pope Francis I,52,1,27-Nov-15,Wake Up!,5.4,0,0.0
The Neighbourhood,53,11,30-Oct-15,Wiped Out!,8.2,2,0.18181818181818182
Prince,53,11,7-Sep-15,HitNRun: Phase One,4.3,3,0.2727272727272727
Mumford & Sons,54,12,4-May-15,Wilder Mind,5.2,2,0.16666666666666666
Anti-Flag,54,15,26-May-15,American Spring,5.5,10,0.6666666666666666
Giorgio Moroder,54,15,12-Jun-15,Déjà-Vu,6.2,3,0.2
Zac Brown Band,55,16,28-Apr-15,Jekyll + Hyde,6.1,3,0.1875
Kylie Minogue,55,16,13-Nov-15,Kylie Christmas,7.0,1,0.0625
Kid Ink,55,16,3-Feb-15,Full Speed,4.8,124,7.75
Lieutenant,56,0,10-Mar-15,If I Kill This Thing We're All Going to Eat for a Week,tbd,0,0.0
Todd Rundgren,57,12,7-Apr-15,Global,7.0,3,0.25
Cee Lo Green,57,15,13-Nov-15,Heart Blanche,5.4,0,0.0
Brian Wilson,57,16,7-Apr-15,No Pier Pressure,7.1,1,0.0625
Rod Stewart,57,17,23-Oct-15,Another Country,8.6,3,0.17647058823529413
Scott Weiland & the Wildabouts,57,1,31-Mar-15,Blaster,6.3,0,0.0
Simply Red,58,12,2-Jun-15,Big Love,tbd,1,0.08333333333333333
The Wombats,58,13,14-Apr-15,Glitterbug,6.7,7,0.5384615384615384
James Bay,58,15,24-Mar-15,Chaos and the Calm,7.4,1,0.06666666666666667
Bullet For My Valentine,58,15,14-Aug-15,Venom,7.2,29,1.9333333333333333
Diana Krall,58,16,3-Feb-15,Wallflower,6.9,0,0.0
Meghan Trainor,59,15,13-Jan-15,Title,6.1,11,0.7333333333333333
Method Man,59,19,21-Aug-15,The Meth Lab,4.6,145,7.631578947368421
Peace,59,18,9-Feb-15,Happy People,7.4,3,0.16666666666666666
Coldplay,60,13,4-Dec-15,A Head Full of Dreams,6.8,1,0.07692307692307693
R. Kelly,60,20,11-Dec-15,The Buffet,5.7,154,7.7
Ciara,60,11,4-May-15,Jackie,6.3,50,4.545454545454546
Imagine Dragons,60,13,17-Feb-15,Smoke + Mirrors,7.6,2,0.15384615384615385
Ne-Yo,60,23,27-Jan-15,Non-Fiction,6.5,54,2.347826086956522
Gang of Four,60,10,24-Feb-15,What Happens Next,6.0,1,0.1
Miley Cyrus,60,23,30-Aug-15,Miley Cyrus & Her Dead Petz,6.9,81,3.5217391304347827
Neil Young,61,9,29-Jun-15,The Monsanto Years,5.8,1,0.1111111111111111
Kid Rock,61,11,24-Feb-15,First Kiss,2.2,17,1.5454545454545454
Ringo Starr,61,11,31-Mar-15,Postcards from Paradise,6.1,2,0.18181818181818182
Hurts,61,14,9-Oct-15,Surrender,7.4,1,0.07142857142857142
JEFF the Brotherhood,61,11,24-Mar-15,Wasted on the Dream,tbd,1,0.09090909090909091
Lil Durk,61,12,2-Jun-15,Remember My Name,7.7,249,20.75
The Zombies,61,10,9-Oct-15,Still Got That Hunger,tbd,3,0.3
Nate Ruess,61,12,16-Jun-15,Grand Romantic,5.2,1,0.08333333333333333
Laura Welsh,61,11,10-Mar-15,Soft Control,6.9,1,0.09090909090909091
Funeral For A Friend,61,12,19-Jan-15,Chapter & Verse,5.3,10,0.8333333333333334
The Strypes,61,6,24-Jul-15,Little Victories,8.0,0,0.0
Rick Ross,61,17,4-Dec-15,Black Market,6.6,205,12.058823529411764
Iron And Wine & Ben Bridwell,61,12,17-Jul-15,Sing Into My Mouth,6.8,0,0.0
Surfer Blood,62,11,12-May-15,1000 Palms,6.6,0,0.0
Joss Stone,62,15,31-Jul-15,Water for Your Soul,6.4,1,0.06666666666666667
MS MR,62,12,17-Jul-15,How Does It Feel,7.1,0,0.0
Twin Shadow,62,11,17-Mar-15,Eclipse,6.2,0,0.0
The Fratellis,62,16,21-Aug-15,"Eyes Wide, Tongue Tied",8.5,6,0.375
The Bohicas,62,13,21-Aug-15,The Making Of,tbd,7,0.5384615384615384
Lucy Rose,62,17,6-Jul-15,Work It Out,8.6,0,0.0
Portico,62,9,7-Apr-15,Living Fields,tbd,0,0.0
Muse,63,13,9-Jun-15,Drones,7.2,19,1.4615384615384615
Todd Rundgren,63,0,4-May-15,Runddans,tbd,0,0.0
Liturgy,63,10,24-Mar-15,The Ark Work,7.7,0,0.0
Of Monsters and Men,63,15,9-Jun-15,Beneath the Skin,7.8,0,0.0
Prince,63,12,12-Dec-15,HITnRUN: Phase Two,6.4,1,0.08333333333333333
Ludacris,63,20,31-Mar-15,Ludaversal,6.8,162,8.1
And So I Watch You from Afar,63,10,5-May-15,Heirs,8.1,0,0.0
Tanlines,63,10,19-May-15,Highlights,5.2,0,0.0
Kelly Clarkson,63,13,3-Mar-15,Piece by Piece,5.4,9,0.6923076923076923
Raekwon,63,14,28-Apr-15,Fly International Luxurious Art,6.8,118,8.428571428571429
Nosaj Thing,63,15,4-May-15,Fated,4.9,1,0.06666666666666667
Stereophonics,63,13,11-Sep-15,Keep the Village Alive,7.9,3,0.23076923076923078
Radkey,63,13,21-Aug-15,Dark Black Makeup,7.4,4,0.3076923076923077
The Darkness,63,14,2-Jun-15,Last of Our Kind,7.7,6,0.42857142857142855
Justin Bieber,63,23,13-Nov-15,Purpose,6.2,2,0.08695652173913043
Travis Scott,64,14,4-Sep-15,Rodeo,8.5,215,15.357142857142858
Soulsavers,64,8,4-Dec-15,Kubrick,tbd,0,0.0
Estelle,64,12,17-Feb-15,True Romance,6.4,12,1.0
Briana Marela,64,9,21-Aug-15,All Around Us,tbd,0,0.0
Vetiver,64,10,24-Mar-15,Complete Strangers,7.3,0,0.0
Little Boots,64,14,10-Jul-15,Working Girl,8.3,0,0.0
Duran Duran,64,15,11-Sep-15,Paper Gods,7.2,1,0.06666666666666667
Kendrick Lamar,96,17,16-Mar-15,To Pimp a Butterfly,8.8,189,11.117647058823529
Sufjan Stevens,90,12,31-Mar-15,Carrie & Lowell,8.9,2,0.16666666666666666
Sleater-Kinney,90,11,20-Jan-15,No Cities to Love,8.2,0,0.0
Napalm Death,89,15,27-Jan-15,Apex Predator - Easy Meat,7.2,1,0.06666666666666667
Sam Lee,89,1,16-Mar-15,The Fade in Time,5.6,0,0.0
Steven Wilson,89,11,3-Mar-15,Hand.Cannot.Erase.,8.7,2,0.18181818181818182
Joanna Newsom,88,12,23-Oct-15,Divers,8.2,1,0.08333333333333333
Courtney Barnett,88,13,24-Mar-15,"Sometimes I Sit And Think, And Sometimes I Just Sit",8.5,3,0.23076923076923078
Bring Me the Horizon,88,11,11-Sep-15,That's the Spirit,7.0,24,2.1818181818181817
Mbongwana Star,88,0,19-May-15,From Kinshasa,5.3,0,0.0
Grimes,88,15,11-Dec-15,Art Angels,8.9,3,0.2
James McMurtry,87,12,24-Feb-15,Complicated Game,8.2,6,0.5
Julia Holter,87,10,25-Sep-15,Have You in My Wilderness,8.6,0,0.0
Jason Isbell,87,11,17-Jul-15,Something More Than Free,8.2,3,0.2727272727272727
John Howard & The Night Mail,87,1,21-Aug-15,John Howard & the Night Mail,7.6,0,0.0
Susanne Sundfør,87,0,16-Feb-15,Ten Love Songs,8.9,0,0.0
Hiatus Kaiyote,87,18,4-May-15,Choose Your Weapon,8.5,0,0.0
Hop Along,87,10,4-May-15,Painted Shut,8.4,2,0.2
Vince Staples,87,20,30-Jun-15,Summertime '06,8.6,120,6.0
Björk,87,0,20-Jan-15,Vulnicura,8.8,0,0.0
Father John Misty,87,12,10-Feb-15,"I Love You, Honeybear",8.6,11,0.9166666666666666
Various Artists,87,11,26-May-15,Remembering Mountains: Unheard Songs By Karen Dalton,7.2,1,0.09090909090909091
Jamie xx,87,13,2-Jun-15,In Colour,8.7,10,0.7692307692307693
Dave Rawlings Machine,87,7,18-Sep-15,Nashville Obsolete,7.1,0,0.0
Natalie Prass,86,9,27-Jan-15,Natalie Prass,8.0,0,0.0
Jlin,86,11,24-Mar-15,Dark Energy,7.1,0,0.0
Ashley Monroe,86,13,24-Jul-15,The Blade,8.1,8,0.6153846153846154
Drive-By Truckers,86,0,30-Oct-15,It's Great to Be Alive! [Live],8.7,0,0.0
Various Artists,86,0,30-Oct-15,Joy of Living: A Tribute to Ewan Maccoll,tbd,0,0.0
Jim O'Rourke,86,8,19-May-15,Simple Songs,8.4,0,0.0
Donnie Trumpet & The Social Experiment,86,16,29-May-15,Surf,8.2,25,1.5625
Destroyer,86,14,28-Aug-15,Poison Season,8.0,32,2.2857142857142856
Protomartyr,85,12,9-Oct-15,The Agent Intellect,8.2,0,0.0
Jazmine Sullivan,85,12,13-Jan-15,Reality Show,8.7,33,2.75
Christine and the Queens,85,12,16-Oct-15,Christine and the Queens,8.8,0,0.0
The Weather Station,85,11,12-May-15,Loyalty,tbd,0,0.0
Baroness,85,10,18-Dec-15,Purple,8.6,2,0.2
Joan Shelley,85,0,4-Sep-15,Over and Even,tbd,0,0.0
Bassekou Kouyate & Ngoni Ba,85,0,12-May-15,Ba Power,6.3,0,0.0
Pusha T,85,12,18-Dec-15,King Push - Darkest Before Dawn: The Prelude,8.4,141,11.75
Floating Points,85,8,6-Nov-15,Elaenia,8.5,0,0.0
C Duncan,85,12,17-Jul-15,Architect,tbd,0,0.0
Deafheaven,85,5,2-Oct-15,New Bermuda,8.7,5,1.0
Stornoway,85,11,13-Apr-15,Bonxie,7.6,0,0.0
Levon Vincent,85,0,10-Feb-15,Levon Vincent,7.6,0,0.0
Lightning Bolt,84,9,24-Mar-15,Fantasy Empire,7.3,0,0.0
Rhiannon Giddens,84,11,10-Feb-15,Tomorrow Is My Turn,8.5,0,0.0
Mini Mansions,84,11,24-Mar-15,The Great Pretenders,8.8,2,0.18181818181818182
Haiku Salut,84,0,31-Jul-15,Etch And Etch Deep,7.0,0,0.0
Bop English,84,6,14-Apr-15,Constant Bop,8.1,1,0.16666666666666666
Eric Church,84,10,3-Nov-15,Mr. Misunderstood,7.8,14,1.4
Allison Moorer,84,13,17-Mar-15,Down to Believing,tbd,1,0.07692307692307693
Miguel,84,16,29-Jun-15,Wildheart,8.4,58,3.625
Tame Impala,84,13,17-Jul-15,Currents,8.8,4,0.3076923076923077
Dwight Yoakam,84,12,14-Apr-15,Second Hand Heart,8.2,1,0.08333333333333333
Godspeed You! Black Emperor,84,4,31-Mar-15,"Asunder, Sweet and Other Distress",8.1,0,0.0
Heather Leigh,84,0,27-Nov-15,I Abused Animal,tbd,0,0.0
The Bad Plus,84,0,26-May-15,The Bad Plus Joshua Redman,tbd,0,0.0
Boz Scaggs,84,12,31-Mar-15,A Fool to Care,tbd,6,0.5
BC Camplight,84,4,20-Jan-15,How to Die in the North,8.2,2,0.5
Kamasi Washington,83,18,5-May-15,The Epic,8.8,0,0.0
Gwenno,83,10,31-Jul-15,Y Dydd Olaf,8.3,0,0.0
LoneLady,83,9,24-Mar-15,Hinterland,7.4,0,0.0
Speedy Ortiz,83,12,21-Apr-15,Foil Deer,7.6,0,0.0
Young Fathers,83,12,7-Apr-15,White Men Are Black Men Too,8.1,7,0.5833333333333334
Container,83,0,9-Jun-15,LP [2015],tbd,0,0.0
Songhoy Blues,83,11,23-Feb-15,Music in Exile,7.3,0,0.0
Gretchen Peters,83,11,10-Feb-15,Blackbirds,8.0,18,1.6363636363636365
Royal Headache,83,10,21-Aug-15,High,7.7,0,0.0
Myrkur,83,11,21-Aug-15,M,8.7,0,0.0
Wilco,83,11,16-Jul-15,Star Wars,8.4,1,0.09090909090909091
Visionist,83,0,9-Oct-15,Safe,tbd,0,0.0
Ryley Walker,83,4,31-Mar-15,Primrose Green,8.4,0,0.0
Locrian,83,0,24-Jul-15,Infinite Dissolution,tbd,0,0.0
Kurt Vile,83,13,25-Sep-15,B'lieve I'm Goin' Down,7.5,6,0.46153846153846156
Jennifer Lopez,45,16,17-Jun-14,A.K.A.,5.6,33,2.0625
Lea Michele,48,11,4-Mar-14,Louder,7.7,5,0.45454545454545453
Robin Thicke,49,14,1-Jul-14,Paula,1.4,3,0.21428571428571427
David Guetta,51,17,24-Nov-14,Listen,5.4,2,0.11764705882352941
50 Cent,53,14,3-Jun-14,Animal Ambition: An Untamed Desire to Win,6.0,227,16.214285714285715
Yes,53,8,22-Jul-14,Heaven & Earth,4.3,2,0.25
Rick Ross,54,19,24-Nov-14,Hood Billionaire,2.3,309,16.263157894736842
Wiz Khalifa,54,18,19-Aug-14,Blacc Hollywood,5.4,199,11.055555555555555
Jason Aldean,54,18,7-Oct-14,"Old Boots, New Dirt",4.2,6,0.3333333333333333
John Frusciante,55,11,8-Apr-14,Enclosure,7.5,2,0.18181818181818182
Cold War Kids,55,11,21-Oct-14,Hold My Home,7.6,1,0.09090909090909091
Maroon 5,55,16,2-Sep-14,V,5.4,52,3.25
Dog Bite,56,0,21-Jan-14,Tranquilizers,5.3,0,0.0
The Jezabels,56,10,18-Feb-14,The Brink,7.7,1,0.1
Nina Nesbitt,56,20,17-Feb-14,Peroxide,6.1,3,0.15
Jessie J,56,16,14-Oct-14,Sweet Talker,5.2,10,0.625
Iggy Azalea,56,15,22-Apr-14,The New Classic,6.4,132,8.8
Brad Paisley,56,15,25-Aug-14,Moonshine in the Trunk,6.8,5,0.3333333333333333
Calvin Harris,57,15,4-Nov-14,Motion,6.9,14,0.9333333333333333
Neon Trees,58,11,22-Apr-14,Pop Psychology,7.6,7,0.6363636363636364
Embrace,58,11,28-Apr-14,Embrace,8.0,1,0.09090909090909091
The Fall,58,0,27-Oct-14,"Live: Uurop VIII-XII/Places in Sun & Winter, Son",tbd,0,0.0
Foster the People,58,15,18-Mar-14,Supermodel,7.6,2,0.13333333333333333
Drowners,58,13,28-Jan-14,Drowners,7.4,3,0.23076923076923078
Klaxons,58,11,16-Jun-14,Love Frequency,6.1,0,0.0
Pink Floyd,58,21,10-Nov-14,The Endless River,7.5,1,0.047619047619047616
The Flaming Lips,59,13,28-Oct-14,With a Little Help from My Fwends,4.7,0,0.0
Dan Croll,59,12,1-Apr-14,Sweet Disarray,7.8,0,0.0
Skrillex,59,11,18-Mar-14,Recess,5.6,167,15.181818181818182
Clean Bandit,59,15,17-Jun-14,New Eyes,8.4,1,0.06666666666666667
Kaiser Chiefs,59,12,1-Apr-14,"Education, Education, Education & War",7.1,6,0.5
The Orwells,60,11,3-Jun-14,Disgraceland,6.9,3,0.2727272727272727
Lia Ices,60,3,16-Sep-14,Ices,tbd,0,0.0
Wu-Tang Clan,60,15,2-Dec-14,A Better Tomorrow,6.7,72,4.8
Kid Cudi,60,10,25-Feb-14,Satellite Flight: The Journey to Mother Moon,6.9,13,1.3
Lily Allen,60,18,6-May-14,Sheezus,7.0,81,4.5
George Michael,60,17,18-Mar-14,Symphonica,8.7,3,0.17647058823529413
Neil Young,60,10,4-Nov-14,Storytone,5.3,1,0.1
David Shrigley,60,0,15-Dec-14,Music and Words,tbd,0,0.0
Santana,60,0,6-May-14,Corazón,2.3,0,0.0
The Kooks,60,15,2-Sep-14,Listen,6.0,0,0.0
Foxes,61,16,11-Mar-14,Glorious,8.1,0,0.0
Die Antwoord,61,16,3-Jun-14,Donker Mag,7.2,274,17.125
RiFF RAFF,61,18,24-Jun-14,Neon Icon,6.6,73,4.055555555555555
Les Claypool's Duo De Twang,61,15,4-Feb-14,Four Foot Shack,tbd,6,0.4
Primus,61,14,21-Oct-14,Primus & the Chocolate Factory with the Fungi Ensemble,8.6,1,0.07142857142857142
Echo & the Bunnymen,61,10,3-Jun-14,Meteorites,6.8,0,0.0
Coldplay,61,9,19-May-14,Ghost Stories,7.3,0,0.0
Prince,61,12,30-Sep-14,PlectrumElectrum,5.1,1,0.08333333333333333
Indiana,61,19,1-Sep-14,No Romeo,7.1,0,0.0
Eminem,61,0,24-Nov-14,Shady XV,6.9,0,0.0
The Drums,61,12,23-Sep-14,Encyclopedia,7.0,0,0.0
Christopher Owens,61,5,30-Sep-14,A New Testament,tbd,0,0.0
Karl Hyde,62,0,6-May-14,Someday World,tbd,0,0.0
Sam Smith,62,10,17-Jun-14,In the Lonely Hour,6.8,5,0.5
Maxïmo Park,62,0,3-Feb-14,Too Much Information,8.4,0,0.0
Kasabian,62,15,9-Jun-14,48:13:00,7.3,1,0.06666666666666667
Foxygen,62,24,14-Oct-14,...And Star Power,5.9,6,0.25
The Gaslight Anthem,62,12,12-Aug-14,Get Hurt,8.0,2,0.16666666666666666
Wild Cub,62,14,21-Jan-14,Youth,7.5,0,0.0
Damaged Bug,63,11,25-Feb-14,Hubba Bubba,tbd,1,0.09090909090909091
Passenger,63,18,10-Jun-14,Whispers,7.4,5,0.2777777777777778
Porter Robinson,63,13,12-Aug-14,Worlds,8.8,0,0.0
Various Artists,63,12,7-Jan-14,Peter Gabriel Tribute Album: And I'll Scratch Yours,7.0,3,0.25
Chris Brown,63,22,16-Sep-14,X,7.1,67,3.0454545454545454
Young Magic,63,0,6-May-14,Breathing Statues,tbd,0,0.0
The Vines,63,20,2-Sep-14,Wicked Nature,7.6,4,0.2
Eugene McGuinness,63,10,7-Jul-14,Chroma,tbd,2,0.2
Kiesza,63,14,21-Oct-14,Sound of a Woman,6.1,5,0.35714285714285715
Aloe Blacc,64,13,11-Mar-14,Lift Your Spirit,4.3,4,0.3076923076923077
Lo-Fang,64,11,25-Feb-14,Blue Film,7.1,3,0.2727272727272727
Blood Red Shoes,64,16,3-Mar-14,Blood Red Shoes,7.2,3,0.1875
Sage Francis,64,15,3-Jun-14,Copper Gone,8.2,56,3.7333333333333334
Lady Gaga,64,0,23-Sep-14,Cheek to Cheek,8.5,0,0.0
Bass Drum of Death,64,10,7-Oct-14,Rip This,tbd,2,0.2
D'Angelo,95,12,15-Dec-14,Black Messiah,8.7,4,0.3333333333333333
Behemoth,92,10,4-Feb-14,The Satanist,8.5,6,0.6
The Hotelier,91,9,25-Feb-14,"Home, Like Noplace Is There",8.4,4,0.4444444444444444
St. Vincent,89,15,25-Feb-14,St. Vincent,8.6,2,0.13333333333333333
Run the Jewels,89,0,27-Oct-14,RTJ2,8.7,0,0.0
Swans,88,11,13-May-14,To Be Kind,8.7,29,2.6363636363636362
Pallbearer,88,8,19-Aug-14,Foundations of Burden,8.0,0,0.0
La Dispute,88,11,18-Mar-14,Rooms of the House,8.4,1,0.09090909090909091
Big K.R.I.T.,88,18,10-Nov-14,Cadillactica,8.8,201,11.166666666666666
Flying Lotus,88,22,7-Oct-14,You're Dead!,8.6,15,0.6818181818181818
Rosanne Cash,87,14,14-Jan-14,The River & the Thread,7.5,1,0.07142857142857142
Perfume Genius,87,11,23-Sep-14,Too Bright,8.3,2,0.18181818181818182
The Delines,87,7,17-Jun-14,Colfax,7.5,0,0.0
Fennesz,86,0,29-Apr-14,Bécs,8.4,0,0.0
Sharon Van Etten,86,11,27-May-14,Are We There,8.6,6,0.5454545454545454
Aphex Twin,86,14,23-Sep-14,Syro,8.1,11,0.7857142857142857
Miranda Lambert,86,16,3-Jun-14,Platinum,8.1,22,1.375
FKA twigs,86,12,12-Aug-14,LP1,8.5,13,1.0833333333333333
Indian,86,4,21-Jan-14,From All Purity,7.7,1,0.25
Wild Beasts,86,11,25-Feb-14,Present Tense,8.4,6,0.5454545454545454
Leonard Cohen,86,9,23-Sep-14,Popular Problems,7.9,2,0.2222222222222222
The War on Drugs,86,10,18-Mar-14,Lost In the Dream,8.7,3,0.3
Steve Gunn,86,1,7-Oct-14,Way Out Weather,8.5,0,0.0
The Marmozets,86,0,29-Sep-14,The Weird and Wonderful,8.6,0,0.0
Sun Kil Moon,85,13,11-Feb-14,Benji,8.5,16,1.2307692307692308
Jennifer Castle,85,9,2-Sep-14,Pink City,8.2,2,0.2222222222222222
YOB,85,4,2-Sep-14,Clearing the Path to Ascend,8.4,1,0.25
Jenny Hval & Susanna,84,15,19-Aug-14,Meshes of Voice,8.7,0,0.0
Godflesh,84,10,7-Oct-14,A World Lit Only by Fire,7.6,2,0.2
Lee Ann Womack,84,15,23-Sep-14,The Way I'm Livin',7.8,3,0.2
Agalloch,84,7,13-May-14,The Serpent & the Sphere,8.2,0,0.0
Angel Olsen,84,16,18-Feb-14,Burn Your Fire for No Witness,8.4,0,0.0
Ex Hex,84,12,7-Oct-14,Rips,8.1,0,0.0
Caribou,84,14,7-Oct-14,Our Love,8.1,0,0.0
Ben Frost,84,9,27-May-14,A U R O R A,7.8,0,0.0
Shellac,84,9,16-Sep-14,Dude Incredible,7.7,6,0.6666666666666666
Ought,84,8,29-Apr-14,More Than Any Other Day,8.6,3,0.375
Lee Fields,84,11,3-Jun-14,Emma Jean,8.3,1,0.09090909090909091
Angaleena Presley,84,12,14-Oct-14,American Middle Class,tbd,18,1.5
Strand of Oaks,83,10,24-Jun-14,Heal,8.1,2,0.2
Electric Wizard,83,9,30-Sep-14,Time to Die,7.7,6,0.6666666666666666
The Bug,83,12,26-Aug-14,Angels & Devils,7.2,67,5.583333333333333
Marissa Nadler,83,11,4-Feb-14,July,8.6,2,0.18181818181818182
Clark,83,13,4-Nov-14,Clark,8.2,0,0.0
Andy Stott,83,9,18-Nov-14,Faith in Strangers,8.2,0,0.0
Gazelle Twin,83,12,23-Sep-14,Unflesh,8.6,2,0.16666666666666666
Jolie Holland,83,11,20-May-14,Wine Dark Sea,tbd,1,0.09090909090909091
Young Fathers,83,11,4-Feb-14,Dead,7.8,7,0.6363636363636364
Douglas Dare,83,10,13-May-14,Whelm,8.7,0,0.0
Moodymann,83,1,27-Jan-14,Moodymann,6.6,3,3.0
Total Control,83,6,24-Jun-14,Typical System,7.0,0,0.0
Lucinda Williams,83,20,30-Sep-14,Down Where the Spirit Meets the Bone,8.3,15,0.75
Protomartyr,83,14,8-Apr-14,Under Color of Official Right,8.3,4,0.2857142857142857
tUnE-yArDs,83,13,6-May-14,Nikki Nack,8.0,3,0.23076923076923078
Sunn O))),83,1,21-Oct-14,Soused,7.4,0,0.0
PUP,83,10,8-Apr-14,PUP,8.2,0,0.0
Fear of Men,83,10,22-Apr-14,Loom,7.6,0,0.0
Manic Street Preachers,83,20,7-Jul-14,Futurology,8.3,4,0.2
Mr Twin Sister,83,8,23-Sep-14,Mr Twin Sister,7.9,0,0.0
Sidiki Diabate,83,0,19-May-14,Toumani & Sidiki,tbd,0,0.0
Carla Bozulich,83,3,4-Mar-14,Boy,6.0,0,0.0
Against Me!,82,10,21-Jan-14,Transgender Dysphoria Blues,8.0,14,1.4
The Soft Pink Truth,82,1,17-Jun-14,Why Do the Heathen Rage?,tbd,3,3.0
Reigning Sound,82,11,15-Jul-14,Shattered,7.6,1,0.09090909090909091
Joyce Manor,82,10,22-Jul-14,Never Hungover Again,8.3,7,0.7
Happyness,82,17,16-Jun-14,Weird Little Birthday,7.9,8,0.47058823529411764
Owen Pallett,82,13,27-May-14,In Conflict,8.3,2,0.15384615384615385
Future Islands,82,10,25-Mar-14,Singles,8.6,0,0.0
Weyes Blood,82,10,21-Oct-14,The Innocents,8.1,0,0.0
Eric Church,82,13,11-Feb-14,The Outsiders,7.7,42,3.230769230769231
Mac DeMarco,82,11,1-Apr-14,Salad Days,8.7,2,0.18181818181818182
Bing & Ruth,82,0,14-Oct-14,Tomorrow Was the Golden Age,tbd,0,0.0
These New Puritans,82,9,4-Mar-14,Field of Reeds,8.4,0,0.0
Vashti Bunyan,82,10,7-Oct-14,Heartleap,8.7,0,0.0
Freddie Gibbs,82,0,18-Mar-14,Piñata,8.6,0,0.0
Megadeth,41,13,4-Jun-13,Super Collider,5.3,6,0.46153846153846156
Black Flag,42,1,3-Dec-13,What The...,4.1,1,1.0
LL Cool J,46,16,30-Apr-13,Authentic,4.0,25,1.5625
Kodaline,47,15,8-Oct-13,In a Perfect World,6.8,2,0.13333333333333333
Boston,47,11,3-Dec-13,Life Love & Hope,7.5,1,0.09090909090909091
The Neighbourhood,48,11,23-Apr-13,I Love You,7.6,7,0.6363636363636364
James Blunt,49,22,5-Nov-13,Moon Landing,7.6,8,0.36363636363636365
Johnny Borrell,49,0,22-Jul-13,Borrell 1,tbd,0,0.0
will.i.am,49,18,23-Apr-13,#willpower,2.6,132,7.333333333333333
Tyga,50,18,9-Apr-13,Hotel California,3.8,391,21.72222222222222
Bon Jovi,50,17,12-Mar-13,What About Now,5.5,4,0.23529411764705882
Britney Spears,50,14,3-Dec-13,Britney Jean,6.0,23,1.6428571428571428
Devlin,51,13,4-Feb-13,A Moving Picture,4.8,27,2.076923076923077
Lil Wayne,51,20,26-Mar-13,I Am Not a Human Being II,3.7,534,26.7
Dizzee Rascal,51,16,30-Sep-13,The Fifth,2.5,88,5.5
Todd Rundgren,53,18,9-Apr-13,State,tbd,4,0.2222222222222222
Snoop Lion,53,16,23-Apr-13,Reincarnated,5.4,4,0.25
The Ruby Suns,54,10,29-Jan-13,Christopher,tbd,3,0.3
CSS,54,11,11-Jun-13,Planta,7.3,7,0.6363636363636364
The D.O.T.,54,2,6-May-13,Diary,tbd,0,0.0
French Montana,54,23,21-May-13,Excuse My French,4.1,448,19.47826086956522
Editors,55,14,9-Jul-13,The Weight of Your Love,6.8,0,0.0
Reverend and the Makers,55,10,5-Mar-13,@Reverend_Makers,7.5,3,0.3
Ocean Colour Scene,55,14,11-Feb-13,Painting,tbd,6,0.42857142857142855
Hilly Eye,56,0,22-Jan-13,Reasons To Live,tbd,0,0.0
Placebo,56,11,17-Sep-13,Loud Like Love,7.9,3,0.2727272727272727
Youngblood Hawke,57,13,30-Apr-13,Wake Up,8.6,3,0.23076923076923078
Goo Goo Dolls,57,13,11-Jun-13,Magnetic,6.1,1,0.07692307692307693
Joe Budden,57,17,5-Feb-13,No Love Lost,5.6,194,11.411764705882353
Dog Bite,57,3,5-Feb-13,Velvet Changes,tbd,0,0.0
Keep Shelly in Athens,57,13,17-Sep-13,At Home,tbd,0,0.0
Grouplove,57,16,17-Sep-13,Spreading Rumours,7.8,1,0.0625
Eric Clapton,58,12,12-Mar-13,Old Sock,tbd,0,0.0
Crystal Fighters,58,10,28-May-13,Cave Rave,7.9,1,0.1
Robbie Williams,58,16,18-Nov-13,Swings Both Ways,8.2,7,0.4375
Kid Cudi,58,18,16-Apr-13,Indicud,6.6,129,7.166666666666667
Theme Park,58,10,25-Feb-13,Theme Park,tbd,0,0.0
Bastille,58,19,4-Mar-13,Bad Blood,7.9,4,0.21052631578947367
Tom Odell,58,15,24-Jun-13,Long Way Down,7.8,3,0.2
Airhead,58,1,11-Jun-13,For Years,tbd,0,0.0
Delphic,59,9,28-Jan-13,Collections,tbd,9,1.0
Robin Thicke,59,16,30-Jul-13,Blurred Lines,4.8,49,3.0625
The Mary Onettes,59,3,12-Mar-13,Hit the Waves,tbd,0,0.0
Babyshambles,59,18,2-Sep-13,Sequel to the Prequel,6.6,3,0.16666666666666666
The Courteeners,59,11,4-Feb-13,Anna,tbd,1,0.09090909090909091
Feeding People,59,3,5-Feb-13,Island Universe,tbd,0,0.0
Beady Eye,59,17,19-Nov-13,BE,6.1,0,0.0
One Direction,59,19,25-Nov-13,Midnight Memories,6.1,0,0.0
Modestep,59,18,12-Feb-13,Evolution Theory,8.4,5,0.2777777777777778
Hurts,59,14,11-Mar-13,Exile,7.9,2,0.14285714285714285
Os Mutantes,59,2,30-Apr-13,Fool Metal Jack,tbd,1,0.5
Ra Ra Riot,59,11,22-Jan-13,Beta Love,5.9,2,0.18181818181818182
Dido,59,17,26-Mar-13,Girl Who Got Away,8.1,2,0.11764705882352941
Kinski,59,0,2-Apr-13,Cosy Moments,tbd,0,0.0
UB40,59,13,2-Sep-13,Getting Over the Storm,3.3,1,0.07692307692307693
The Dismemberment Plan,59,10,15-Oct-13,Uncanney Valley,7.6,8,0.8
Minks,59,10,6-Aug-13,Tides End,7.8,0,0.0
Selena Gomez,59,18,23-Jul-13,Stars Dance,6.5,0,0.0
Small Black,60,10,14-May-13,Limits of Desire,8.1,0,0.0
Jay-Z,60,18,4-Jul-13,Magna Carta Holy Grail,6.0,190,10.555555555555555
Bullet For My Valentine,60,15,12-Feb-13,Temper Temper,5.8,10,0.6666666666666666
Har Mar Superstar,60,9,23-Apr-13,Bye Bye 17,tbd,1,0.1111111111111111
MS MR,60,12,14-May-13,Secondhand Rapture,7.9,7,0.5833333333333334
Backstreet Boys,60,16,30-Jul-13,In a World Like This,7.9,1,0.0625
Moby,60,12,30-Sep-13,Innocents,7.6,0,0.0
Bad Religion,60,9,29-Oct-13,Christmas Songs,7.5,2,0.2222222222222222
Justin Timberlake,60,15,30-Sep-13,The 20/20 Experience 2 of 2,8.2,38,2.533333333333333
Unknown Mortal Orchestra,60,5,29-Oct-13,Blue Record [EP],7.6,1,0.2
Atlas Genius,61,14,19-Feb-13,When It Was Now,8.8,2,0.14285714285714285
Katy Perry,61,17,22-Oct-13,Prism,6.6,5,0.29411764705882354
Gauntlet Hair,61,7,16-Jul-13,Stills,tbd,0,0.0
Holy Ghost!,61,11,10-Sep-13,Dynamics,8.1,1,0.09090909090909091
Lady Gaga,61,17,11-Nov-13,ARTPOP,7.6,52,3.0588235294117645
Born Ruffians,61,12,16-Apr-13,Birthmarks,7.5,1,0.08333333333333333
Glasvegas,61,10,3-Sep-13,Later...When the TV Turns To Static,6.8,0,0.0
Deafheaven,92,8,11-Jun-13,Sunbather,8.5,3,0.375
Bassekou Kouyate & Ngoni Ba,90,0,2-Apr-13,Jama Ko,6.3,0,0.0
Nils Frahm,90,11,19-Nov-13,Spaces,8.5,0,0.0
Ashley Monroe,89,9,5-Mar-13,Like a Rose,7.1,6,0.6666666666666666
Russian Circles,88,8,29-Oct-13,Memorial,8.4,0,0.0
Julia Holter,88,9,20-Aug-13,Loud City Song,8.5,0,0.0
Kacey Musgraves,88,12,19-Mar-13,Same Trailer Different Park,8.7,8,0.6666666666666666
John Murry,88,8,9-Apr-13,The Graceless Age,8.5,7,0.875
My Bloody Valentine,87,9,2-Feb-13,M B V,8.3,0,0.0
Jason Isbell,87,12,11-Jun-13,Southeastern,8.5,9,0.75
Tim Hecker,87,12,15-Oct-13,Virgins,8.5,0,0.0
Daft Punk,87,14,21-May-13,Random Access Memories,8.3,0,0.0
Pistol Annies,87,12,7-May-13,Annie Up,4.9,24,2.0
Touche Amore,87,12,24-Sep-13,Is Survived By,8.2,0,0.0
Jenny Hval,87,11,14-May-13,Innocence is Kinky,8.5,5,0.45454545454545453
Rokia Traoré,87,0,8-Apr-13,Beautiful Africa,8.2,0,0.0
Robbie Fulks,87,12,27-Aug-13,Gone Away Backward,4.4,3,0.25
British Sea Power,86,0,2-Dec-13,From the Sea to the Land Beyond [OST],8.4,0,0.0
Letlive,86,11,9-Jul-13,The Blackest Beautiful,8.6,29,2.6363636363636362
The James Hunter Six,86,6,26-Feb-13,Minute by Minute,7.8,0,0.0
Wayne Shorter,86,0,5-Feb-13,Without a Net,5.6,0,0.0
Killer Mike,86,0,26-Jun-13,Run the Jewels,8.5,0,0.0
Laura Marling,86,16,28-May-13,Once I Was an Eagle,8.6,9,0.5625
The Mavericks,86,13,26-Feb-13,In Time,8.0,0,0.0
Chance the Rapper,86,13,30-Apr-13,Acid Rap,8.7,184,14.153846153846153
Hiss Golden Messenger,86,11,2-Apr-13,Haw,8.3,0,0.0
The Knife,85,17,9-Apr-13,Shaking the Habitual,8.4,3,0.17647058823529413
William Tyler,85,8,19-Mar-13,Impossible Truth,7.2,0,0.0
Guy Clark,85,11,23-Jul-13,My Favorite Picture of You,8.6,7,0.6363636363636364
Patty Griffin,85,12,7-May-13,American Kid,8.1,3,0.25
Phosphorescent,85,10,19-Mar-13,Muchacho,8.1,0,0.0
Norma Jean,85,12,6-Aug-13,Wrongdoers,8.4,9,0.75
Cult of Luna,85,10,29-Jan-13,Vertikal,7.9,0,0.0
Boards of Canada,85,17,11-Jun-13,Tomorrow's Harvest,8.5,0,0.0
Beyoncé,85,0,13-Dec-13,Beyoncé,8.2,0,0.0
Parquet Courts,84,16,15-Jan-13,Light Up Gold,8.3,7,0.4375
Mutual Benefit,84,8,3-Dec-13,Love's Crushing Diamond,8.5,0,0.0
Various Artists,84,32,5-Nov-13,Divided & United: Songs of the Civil War,tbd,0,0.0
Coliseum,84,13,30-Apr-13,Sister Faith,tbd,0,0.0
The National,84,14,21-May-13,Trouble Will Find Me,8.7,2,0.14285714285714285
The Haxan Cloak,84,9,16-Apr-13,Excavation,8.6,0,0.0
Kanye West,84,10,18-Jun-13,Yeezus,7.6,133,13.3
Mikal Cronin,84,10,7-May-13,MCII,8.4,2,0.2
Bombino,84,9,2-Apr-13,Nomad,8.3,0,0.0
Neko Case,84,15,3-Sep-13,"The Worse Things Get, the Harder I Fight, the Harder I Fight, the More I Love You",8.1,8,0.5333333333333333
Pet Shop Boys,84,9,16-Jul-13,Electric,8.2,0,0.0
Vampire Weekend,84,12,14-May-13,Modern Vampires of the City,8.9,3,0.25
Bill Callahan,84,8,17-Sep-13,Dream River,8.2,0,0.0
Roy Harper,84,0,23-Sep-13,Man and Myth,tbd,0,0.0
Kvelertak,84,11,26-Mar-13,Meir,8.1,1,0.09090909090909091
Voivod,84,10,22-Jan-13,Target Earth,7.2,1,0.1
Danny Brown,83,20,8-Oct-13,Old,8.4,219,10.95
Superchunk,83,11,20-Aug-13,I Hate Music,8.0,1,0.09090909090909091
Patty Griffin,83,14,8-Oct-13,Silver Bell,7.4,6,0.42857142857142855
DJ Koze,83,6,2-Apr-13,Amygdala,8.0,0,0.0
Wolf Eyes,83,0,9-Apr-13,No Answer: Lower Floors,tbd,0,0.0
Thundercat,83,12,9-Jul-13,Apocalypse,8.3,2,0.16666666666666666
Mountains,83,0,22-Jan-13,Centralia,7.2,0,0.0
Tamikrest,83,0,1-Oct-13,Chatma,tbd,0,0.0
True Widow,83,8,23-Jul-13,Circumambulation,7.4,0,0.0
The Icarus Line,83,0,6-Aug-13,Slave Vows,6.8,0,0.0
Future of the Left,83,14,21-Oct-13,How to Stop Your Brain in an Accident,8.3,31,2.2142857142857144
Daniel Avery,83,12,7-Oct-13,Drone Logic,8.4,0,0.0
Kevin Devine,82,11,15-Oct-13,Bubblegum,tbd,10,0.9090909090909091
Josephine Foster,82,10,12-Nov-13,I'm a Dreamer,8.3,0,0.0
Janelle Monáe,82,0,10-Sep-13,The Electric Lady,8.8,0,0.0
Queens of the Stone Age,82,10,4-Jun-13,...Like Clockwork,8.8,6,0.6
All Pigs Must Die,82,10,23-Jul-13,Nothing Violates This Nature,tbd,1,0.1
Thee Oh Sees,82,10,16-Apr-13,Floating Coffin,8.4,0,0.0
Jon Hopkins,82,8,4-Jun-13,Immunity,8.6,0,0.0
Bilal,82,13,26-Feb-13,A Love Surreal,8.5,6,0.46153846153846156
Yo La Tengo,82,10,15-Jan-13,Fade,8.2,0,0.0
Lady Lamb the Beekeeper,82,12,19-Feb-13,Ripely Pine,8.8,2,0.16666666666666666
Earl Sweatshirt,82,15,20-Aug-13,Doris,8.3,186,12.4
John Grant,82,11,14-May-13,Pale Green Ghosts,8.5,13,1.1818181818181819
Chris Brown,38,22,3-Jul-12,Fortune,3.3,85,3.8636363636363638
Kreayshawn,42,13,17-Sep-12,Somethin' 'Bout Kreay,6.9,112,8.615384615384615
Meat Loaf,44,12,13-Mar-12,Hell in a Handbasket,3.5,4,0.3333333333333333
Santana,45,13,15-May-12,Shape Shifter,tbd,0,0.0
WZRD,50,11,28-Feb-12,WZRD,7.1,7,0.6363636363636364
The Dandy Warhols,50,10,24-Apr-12,This Machine,6.0,9,0.9
Matthew Friedberger,50,0,30-Oct-12,Matricidal Sons Of Bitches,tbd,0,0.0
Reptar,51,11,1-May-12,Body Faucet,8.0,2,0.18181818181818182
The Offspring,51,13,26-Jun-12,Days Go By,6.9,11,0.8461538461538461
Cher Lloyd,51,11,2-Oct-12,Sticks + Stones,5.1,2,0.18181818181818182
The Ting Tings,52,14,13-Mar-12,Sounds from Nowheresville,6.2,5,0.35714285714285715
Owl City,52,15,21-Aug-12,The Midsummer Station,4.7,1,0.06666666666666667
POP ETC,53,11,12-Jun-12,POP ETC,4.7,2,0.18181818181818182
Aerosmith,54,22,6-Nov-12,Music From Another Dimension!,5.4,6,0.2727272727272727
James Iha,54,15,17-Sep-12,Look to the Sky,tbd,0,0.0
Maroon 5,54,16,26-Jun-12,Overexposed,5.0,13,0.8125
Flo Rida,54,14,3-Jul-12,Wild Ones,2.4,11,0.7857142857142857
Alanis Morissette,55,20,28-Aug-12,Havoc and Bright Lights,6.8,3,0.15
Labrinth,55,15,2-Apr-12,Electronic Earth,5.9,18,1.2
Dog Is Dead,55,15,8-Oct-12,All Our Favourite Stories,tbd,5,0.3333333333333333
2 Chainz,55,18,14-Aug-12,Based on a T.R.U. Story,4.8,208,11.555555555555555
Pop Levi,55,1,13-Nov-12,Medicine,tbd,3,3.0
The Internet,55,14,31-Jan-12,Purple Naked Ladies,6.9,21,1.5
The Temper Trap,56,15,5-Jun-12,The Temper Trap,6.9,2,0.13333333333333333
Christina Aguilera,56,16,13-Nov-12,Lotus,7.4,28,1.75
The Fray,56,15,7-Feb-12,Scars & Stories,8.0,0,0.0
Wiz Khalifa,56,21,4-Dec-12,O.N.I.F.C.,5.1,258,12.285714285714286
Lostprophets,56,17,19-Jun-12,Weapons,5.9,3,0.17647058823529413
Marina and the Diamonds,57,17,10-Jul-12,Electra Heart,8.5,107,6.294117647058823
Die Antwoord,57,13,7-Feb-12,Ten$ion,5.8,183,14.076923076923077
YOKOKIMTHURSTON,57,0,25-Sep-12,YOKOKIMTHURSTON,4.5,0,0.0
Matchbox Twenty,57,17,4-Sep-12,North,8.4,5,0.29411764705882354
Nelly Furtado,57,20,18-Sep-12,The Spirit Indestructible,7.0,1,0.05
Calvin Harris,57,15,30-Oct-12,18 Months,7.2,5,0.3333333333333333
Joe Walsh,57,11,5-Jun-12,Analog Man,8.0,5,0.45454545454545453
Snow Patrol,58,14,10-Jan-12,Fallen Empires,8.2,0,0.0
Monica,58,16,10-Apr-12,New Life,4.5,8,0.5
Flats,58,0,31-Jul-12,Better Living,tbd,0,0.0
Mike Patton,58,0,24-Jul-12,Luciano Berio: Laborintus II,tbd,0,0.0
Alex Clare,58,0,8-May-12,Lateness of the Hour,6.8,0,0.0
Joe Jackson,59,5,26-Jun-12,The Duke,tbd,0,0.0
Electric Guest,59,10,24-Apr-12,Mondo,8.4,1,0.1
The Phenomenal Handclap Band,59,3,14-Feb-12,Form & Control,tbd,0,0.0
Clock Opera,59,12,23-Apr-12,Ways To Forget,7.8,2,0.16666666666666666
Deadmau5,59,15,25-Sep-12,>Album Title Goes Here<,7.5,10,0.6666666666666666
Marilyn Manson,59,14,1-May-12,Born Villain,7.5,49,3.5
Matt & Kim,59,10,2-Oct-12,Lightning,7.0,2,0.2
The Cranberries,59,13,28-Feb-12,Roses,7.6,1,0.07692307692307693
Jimmy Edgar,59,0,4-Dec-12,Majenta,tbd,0,0.0
Terry Malts,59,6,21-Feb-12,Killing Time,tbd,1,0.16666666666666666
Feeder,60,12,23-Apr-12,Generation Freakshow,8.8,0,0.0
thenewno2,60,5,31-Jul-12,thefearofmissingout,tbd,0,0.0
Mick Hucknall,60,12,6-Nov-12,American Soul,tbd,0,0.0
The Zolas,60,10,2-Oct-12,Ancient Mars,tbd,0,0.0
Keane,60,16,8-May-12,Strangeland,8.3,0,0.0
Karima Francis,60,0,13-Aug-12,The Remedy,tbd,0,0.0
Gossip,60,17,22-May-12,A Joyful Noise,7.2,0,0.0
Fun.,60,11,21-Feb-12,Some Nights,7.4,5,0.45454545454545453
Joss Stone,60,16,31-Jul-12,"The Soul Sessions, Vol. 2",6.6,0,0.0
The Big Pink,60,10,16-Jan-12,Future This,6.0,1,0.1
Kaiser Chiefs,60,0,6-Mar-12,Start the Revolution Without Me,6.4,0,0.0
Lindstrøm,60,0,7-Feb-12,Six Cups of Rebel,6.5,0,0.0
Nicki Minaj,60,24,3-Apr-12,Pink Friday: Roman Reloaded,6.1,228,9.5
Teen Daze,60,0,5-Jun-12,"All of Us, Together",tbd,0,0.0
Linkin Park,60,12,26-Jun-12,Living Things,7.8,1,0.08333333333333333
The Presets,61,11,11-Sep-12,Pacifica,8.2,11,1.0
Sleepy Sun,61,7,10-Apr-12,Spine Hits,tbd,1,0.14285714285714285
Joey Ramone,61,13,22-May-12,...Ya Know?,tbd,2,0.15384615384615385
The Orb,61,2,28-Aug-12,The Orbserver in the Star House,tbd,0,0.0
Lissy Trullie,61,11,10-Apr-12,Lissy Trullie,tbd,1,0.09090909090909091
Goatwhore,61,10,14-Feb-12,Blood for the Master,tbd,7,0.7
No Doubt,61,12,25-Sep-12,Push and Shove,7.7,0,0.0
Ben Folds Five,61,10,18-Sep-12,The Sound of the Life of the Mind,7.7,4,0.4
Oneida,61,0,13-Nov-12,A List of the Burning Mountains,tbd,0,0.0
Rihanna,61,15,19-Nov-12,Unapologetic,6.8,20,1.3333333333333333
Wadada Leo Smith,99,0,22-May-12,Ten Freedom Summers,4.6,0,0.0
The Menzingers,93,13,21-Feb-12,On the Impossible Past,7.9,26,2.0
Frank Ocean,92,18,17-Jul-12,Channel Orange,8.9,24,1.3333333333333333
Kendrick Lamar,91,12,22-Oct-12,"Good Kid, M.A.A.D City",8.8,205,17.083333333333332
Fiona Apple,89,12,19-Jun-12,The Idler Wheel Is Wiser than the Driver of the Screw and Whipping Cords Will Serve You More than Ropes Will Ever Do,8.9,1,0.08333333333333333
Vijay Iyer Trio,88,0,13-Mar-12,Accelerando,6.7,0,0.0
Tame Impala,88,14,9-Oct-12,Lonerism,8.9,4,0.2857142857142857
Sweet Billy Pilgrim,88,2,16-Apr-12,Crown and Treaty,tbd,0,0.0
Converge,88,17,9-Oct-12,All We Love We Leave Behind,8.8,1,0.058823529411764705
Moritz von Oswald Trio,87,0,3-Jul-12,Fetch,6.2,0,0.0
Shackleton,87,0,4-Dec-12,Music For the Quiet Hour/The Drawbar Organ EPs,7.2,0,0.0
Swans,87,11,28-Aug-12,The Seer,8.5,3,0.2727272727272727
Goat,87,3,20-Aug-12,World Music,7.8,0,0.0
Staff Benda Bilili,87,0,4-Sep-12,Bouger le Monde!,tbd,0,0.0
Pig Destroyer,86,26,22-Oct-12,Book Burner,7.5,14,0.5384615384615384
Anaïs Mitchell,86,0,28-Feb-12,Young Man In America,8.0,0,0.0
Bill Fay,86,9,20-Aug-12,Life Is People,8.1,1,0.1111111111111111
Miguel,86,13,2-Oct-12,Kaleidoscope Dream,8.7,22,1.6923076923076923
Andy Stott,86,1,6-Nov-12,Luxury Problems,8.6,0,0.0
Dwight Yoakam,86,12,18-Sep-12,3 Pears,7.1,0,0.0
Deftones,86,11,13-Nov-12,Koi No Yokan,8.8,3,0.2727272727272727
Grizzly Bear,86,10,18-Sep-12,Shields,8.7,0,0.0
Dr. John,86,10,3-Apr-12,Locked Down,8.2,11,1.1
Gojira,86,13,26-Jun-12,L'Enfant Sauvage,8.8,0,0.0
Billy Bragg/Wilco,85,0,21-Apr-12,Mermaid Avenue: The Complete Sessions,8.0,0,0.0
Rumer,85,15,24-Jan-12,Seasons of My Soul,7.8,1,0.06666666666666667
High on Fire,85,10,3-Apr-12,De Vermis Mysteriis,8.7,2,0.2
Jessie Ware,85,16,20-Aug-12,Devotion,8.8,0,0.0
Leonard Cohen,85,10,31-Jan-12,Old Ideas,8.1,2,0.2
Led Zeppelin,85,0,19-Nov-12,Celebration Day [Live],8.5,0,0.0
Matthew E. White,85,7,21-Aug-12,Big Inner,8.6,5,0.7142857142857143
Brad Mehldau Trio,85,0,20-Mar-12,Ode,tbd,0,0.0
Goldfrapp,85,14,7-Feb-12,The Singles,8.4,2,0.14285714285714285
Killer Mike,85,13,15-May-12,R.A.P. Music,8.5,133,10.23076923076923
Mount Eerie,85,8,4-Sep-12,Ocean Roar,8.4,0,0.0
Azealia Banks,84,4,12-Jun-12,1991 [EP],8.7,89,22.25
El-P,84,13,22-May-12,Cancer4Cure,8.5,107,8.23076923076923
Jamey Johnson,84,11,16-Oct-12,Living for a Song: A Tribute to Hank Cochran,tbd,0,0.0
Rebecca Ferguson,84,14,29-May-12,Heaven,8.7,2,0.14285714285714285
Monolake,84,0,13-Mar-12,Ghosts,tbd,0,0.0
Ty Segall Band,83,11,26-Jun-12,Slaughterhouse,7.8,4,0.36363636363636365
Julia Holter,83,10,12-Mar-12,Ekstasis,8.5,0,0.0
Japandroids,83,8,5-Jun-12,Celebration Rock,8.8,19,2.375
Torche,83,13,24-Apr-12,Harmonicraft,8.3,0,0.0
TNGHT,83,5,24-Jul-12,TNGHT [EP],8.8,0,0.0
The Evens,83,9,19-Nov-12,The Odds,7.9,2,0.2222222222222222
Screaming Females,83,14,3-Apr-12,Ugly,8.2,5,0.35714285714285715
Swans,83,15,29-May-12,We Rose from Your Bed with the Sun in Our Head [Live],8.4,3,0.2
Bob Dylan,83,10,11-Sep-12,Tempest,7.7,8,0.8
Ab-Soul,83,18,11-May-12,Control System,8.7,287,15.944444444444445
Jack White,83,13,24-Apr-12,Blunderbuss,8.5,6,0.46153846153846156
Flying Lotus,83,19,2-Oct-12,Until the Quiet Comes,8.2,0,0.0
The Men,83,10,6-Mar-12,Open Your Heart,8.2,2,0.2
Cloud Nothings,83,8,24-Jan-12,Attack On Memory,8.8,0,0.0
Yellowcard,83,12,14-Aug-12,Southern Air,8.8,0,0.0
Plan B,83,28,21-Aug-12,Ill Manors,8.4,82,2.9285714285714284
Martin Rossiter,83,9,3-Dec-12,The Defenestration of St. Martin,7.9,0,0.0
Father John Misty,83,12,1-May-12,Fear Fun,8.3,2,0.16666666666666666
Roc Marciano,83,18,13-Nov-12,Reloaded,7.0,125,6.944444444444445
Alice Russell,83,0,2-Apr-12,Look Around the Corner,tbd,0,0.0
The Henry Clay People,83,2,26-Jun-12,Twenty-Five for the Rest of Our Lives,tbd,1,0.5
Earth,83,5,14-Feb-12,"Angels of Darkness, Demons of Light, Vol. 2",8.3,0,0.0
L.V.,82,1,18-Sep-12,Sebenza,8.8,1,1.0
METZ,82,10,9-Oct-12,METZ,7.6,2,0.2
Baroness,82,18,17-Jul-12,Yellow & Green,8.2,1,0.05555555555555555
Allo Darlin',82,10,1-May-12,Europe,8.3,0,0.0
Alcest,82,8,31-Jan-12,Les Voyages de l'ame,8.5,0,0.0
Raime,82,0,4-Dec-12,Quarter Turns Over a Living Line,8.6,0,0.0
Chuck Prophet,82,12,7-Feb-12,Temple Beautiful,8.4,1,0.08333333333333333
Dan Deacon,82,9,28-Aug-12,America,8.3,1,0.1111111111111111
Amanda Palmer & the Grand Theft Orchestra,82,19,11-Sep-12,Theatre Is Evil,8.0,8,0.42105263157894735
Eric Copeland,82,0,24-Jul-12,Limbo,tbd,0,0.0
Donald Fagen,82,9,16-Oct-12,Sunken Condos,8.1,1,0.1111111111111111
Saint Etienne,82,24,29-May-12,Words & Music by Saint Etienne,7.9,0,0.0
Field Report,82,10,11-Sep-12,Field Report,7.5,4,0.4
Viva Brother,34,9,1-Aug-11,Famous First Words,2.5,1,0.1111111111111111
Richard Ashcroft,39,12,22-Mar-11,United Nations of Sound,6.4,14,1.1666666666666667
V-Nasty,39,12,13-Dec-11,BAYTL,2.1,200,16.666666666666668
James Blunt,45,15,18-Jan-11,Some Kind of Trouble,6.6,0,0.0
Metallica,45,0,1-Nov-11,Lulu,2.3,0,0.0
The Antlers,46,8,22-Nov-11,(Together) [EP],5.1,0,0.0
Misfits,46,16,6-Sep-11,The Devil's Rain,4.2,37,2.3125
Jennifer Lopez,46,16,3-May-11,Love?,6.4,7,0.4375
Sum 41,47,16,29-Mar-11,Screaming Bloody Murder,8.3,5,0.3125
LMFAO,47,15,21-Jun-11,Sorry for Party Rocking,4.6,50,3.3333333333333335
Sublime with Rome,48,16,12-Jul-11,Yours Truly,5.1,4,0.25
Incubus,48,13,12-Jul-11,"If Not Now, When?",6.4,3,0.23076923076923078
Owl City,49,18,14-Jun-11,All Things Bright and Beautiful,6.9,0,0.0
Clare Maguire,50,15,8-Mar-11,Light After Dark,6.8,0,0.0
The Pigeon Detectives,51,10,4-Apr-11,Up Guards and at 'Em,6.0,0,0.0
Jessie J,51,16,12-Apr-11,Who You Are,6.3,16,1.0
Nickelback,51,11,21-Nov-11,Here and Now,4.6,25,2.272727272727273
Scotty McCreery,51,12,4-Oct-11,Clear as Day,6.5,2,0.16666666666666666
Bush,51,16,13-Sep-11,The Sea of Memories,6.3,4,0.25
Ray Davies,51,17,5-Apr-11,See My Friends,tbd,1,0.058823529411764705
Chris Brown,52,20,22-Mar-11,F.A.M.E.,5.4,73,3.65
Superheavy,52,15,20-Sep-11,SuperHeavy,5.2,4,0.26666666666666666
James Morrison,52,13,11-Oct-11,The Awakening,6.3,0,0.0
Sophie Ellis-Bextor,53,14,6-Jun-11,Make a Scene,8.3,0,0.0
Yes,53,11,12-Jul-11,Fly from Here,7.1,0,0.0
Limp Bizkit,53,19,28-Jun-11,Gold Cobra,6.2,154,8.105263157894736
The Kooks,54,16,13-Sep-11,Junk of the Heart,6.5,3,0.1875
Professor Green,54,17,8-Nov-11,At Your Inconvenience,6.3,61,3.588235294117647
The Sounds,54,9,29-Mar-11,Something to Die For,tbd,2,0.2222222222222222
Wild Palms,54,0,12-Apr-11,Until Spring,tbd,0,0.0
Jane's Addiction,55,10,18-Oct-11,The Great Escape Artist,7.1,4,0.4
Cold War Kids,55,11,25-Jan-11,Mine Is Yours,6.8,0,0.0
Twin Atlantic,55,17,3-May-11,Free,8.0,5,0.29411764705882354
Staind,55,10,13-Sep-11,Staind,7.9,8,0.8
David Guetta,56,13,29-Aug-11,Nothing But the Beat,6.6,10,0.7692307692307693
Gomez,56,7,21-Jun-11,Whatever's On Your Mind,tbd,0,0.0
Susan Boyle,56,9,1-Nov-11,Someone To Watch over Me,4.8,0,0.0
T-Pain,56,18,6-Dec-11,rEvolver,4.0,113,6.277777777777778
Joe Ely,57,2,7-Jun-11,Satisfied at Last,tbd,8,4.0
Paris Suit Yourself,57,0,1-Mar-11,My Main Shitstain,tbd,0,0.0
Lupe Fiasco,57,15,8-Mar-11,Lasers,6.1,16,1.0666666666666667
Soundgarden,57,17,22-Mar-11,Live on I-5,6.6,5,0.29411764705882354
Bob Geldof,57,12,15-Mar-11,How to Compose Popular Songs That Will Sell,tbd,2,0.16666666666666666
Blondie,57,16,13-Sep-11,Panic of Girls,6.2,2,0.125
Is Tropical,57,12,13-Jun-11,Native To,tbd,3,0.25
Cosmo Jarvis,57,17,11-Oct-11,Is the World Strange or Am I Strange?,tbd,20,1.1764705882352942
Waka Flocka Flame,57,0,9-Aug-11,Ferrari Boyz,6.3,0,0.0
Korn,58,13,6-Dec-11,The Path of Totality,6.0,38,2.923076923076923
Big Talk,58,12,19-Jul-11,Big Talk,7.7,5,0.4166666666666667
Snoop Dogg,58,26,29-Mar-11,Doggumentary,6.4,263,10.115384615384615
Digitalism,58,11,5-Jul-11,"I Love You, Dude",7.8,24,2.1818181818181817
Human League,58,0,13-Sep-11,Credo,tbd,0,0.0
Young the Giant,58,15,25-Jan-11,Young the Giant,8.5,2,0.13333333333333333
Avril Lavigne,58,14,8-Mar-11,Goodbye Lullaby,8.0,41,2.9285714285714284
Joker,58,2,8-Nov-11,The Vision,tbd,0,0.0
Glasvegas,58,10,4-Apr-11,Euphoric Heartbreak,8.2,3,0.3
Mac Miller,58,18,8-Nov-11,Blue Slide Park,5.7,161,8.944444444444445
Kassidy,58,9,21-Mar-11,Hope St.,tbd,0,0.0
Maria Taylor,58,9,16-Aug-11,Overlook,tbd,0,0.0
Brilliant Colors,59,1,19-Jul-11,Again and Again,tbd,0,0.0
CSS,59,12,23-Aug-11,La Liberacion,7.0,22,1.8333333333333333
Demi Lovato,59,18,20-Sep-11,Unbroken,7.3,3,0.16666666666666666
The View,59,12,14-Mar-11,Bread & Circuses,7.5,3,0.25
The Wombats,59,10,26-Apr-11,This Modern Glitch,8.1,2,0.2
Zomes,59,0,12-Apr-11,Earth Grid,tbd,0,0.0
The Airborne Toxic Event,59,11,26-Apr-11,All At Once,7.3,2,0.18181818181818182
Joss Stone,59,13,26-Jul-11,LP1,6.3,9,0.6923076923076923
200 Years,59,0,8-Nov-11,200 Years,tbd,0,0.0
Jeniferever,59,9,12-Apr-11,Silesia,tbd,0,0.0
Gary Numan,59,11,6-Dec-11,Dead Son Rising,8.8,8,0.7272727272727273
Wiz Khalifa,59,17,29-Mar-11,Rolling Papers,5.8,122,7.176470588235294
Lil Wayne,60,22,29-Aug-11,Tha Carter IV,4.8,399,18.136363636363637
White Lies,60,11,18-Jan-11,Ritual,6.9,2,0.18181818181818182
London Classical Orchestra,60,0,4-Oct-11,Paul McCartney: Ocean's Kingdom,7.3,0,0.0
About Group,60,0,26-Apr-11,Start and Complete,tbd,0,0.0
Ry Cooder,92,14,29-Aug-11,Pull Up Some Dust and Sit Down,6.9,2,0.14285714285714285
Saigon,89,24,15-Feb-11,The Greatest Story Never Told,8.4,163,6.791666666666667
Phonte,88,12,27-Sep-11,Charity Starts at Home,7.9,88,7.333333333333333
Tom Waits,88,16,25-Oct-11,Bad as Me,7.8,18,1.125
The Roots,88,15,6-Dec-11,Undun,8.7,30,2.0
Thursday,88,12,12-Apr-11,No Devolucion,8.6,3,0.25
9th Wonder,87,19,27-Sep-11,The Wonder Years,7.0,92,4.842105263157895
Wolves in the Throne Room,87,6,13-Sep-11,Celestial Lineage,8.3,0,0.0
The Weeknd,87,9,21-Mar-11,House of Balloons,8.9,53,5.888888888888889
PJ Harvey,86,14,15-Feb-11,Let England Shake,8.7,1,0.07142857142857142
tUnE-yArDs,86,10,19-Apr-11,Who Kill,8.1,4,0.4
Bon Iver,86,11,21-Jun-11,Bon Iver,8.6,1,0.09090909090909091
Mara Carlyle,86,0,30-Aug-11,Floreat,tbd,0,0.0
Nicolas Jaar,86,14,28-Jan-11,Space Is Only Noise,8.6,0,0.0
Raphael Saadiq,86,10,10-May-11,Stone Rollin',8.2,1,0.1
Russian Circles,86,6,25-Oct-11,Empros,8.6,0,0.0
Tim Hecker,86,12,15-Feb-11,"Ravedeath, 1972",8.3,0,0.0
Fucked Up,86,18,7-Jun-11,David Comes To Life,7.9,6,0.3333333333333333
Ambrose Akinmusire,85,13,5-Apr-11,When the Heart Emerges Glistening,tbd,0,0.0
Kate Bush,85,7,21-Nov-11,50 Words for Snow,8.5,0,0.0
Iceage,85,12,21-Jun-11,New Brigade,8.2,0,0.0
Paul Simon,85,10,12-Apr-11,So Beautiful or So What,8.2,0,0.0
Fleet Foxes,85,13,3-May-11,Helplessness Blues,8.8,0,0.0
Wild Beasts,85,10,10-May-11,Smother,8.4,0,0.0
St. Vincent,85,13,13-Sep-11,Strange Mercy,8.8,0,0.0
Gillian Welch,85,0,28-Jun-11,The Harrow and the Harvest,7.7,0,0.0
Astronautalis,85,11,13-Sep-11,This Is Our Science,8.1,11,1.0
Destroyer,84,11,25-Jan-11,Kaputt,8.8,6,0.5454545454545454
Lydia Loveless,84,10,13-Sep-11,Indestructible Machine,tbd,17,1.7
Pistol Annies,84,10,23-Aug-11,Hell On Heels,8.8,28,2.8
Joe Lovano Us Five,84,0,11-Jan-11,Bird Songs,tbd,0,0.0
Dave Alvin,84,14,20-Jun-11,Eleven Eleven,tbd,10,0.7142857142857143
True Widow,84,8,29-Mar-11,A.H.A.T.H.H.A.F.T.C.T.T.C.O.T.E.,tbd,0,0.0
The Office of Future Plans,84,0,21-Nov-11,The Office of Future Plans,tbd,0,0.0
The Black Keys,84,11,6-Dec-11,El Camino,8.6,3,0.2727272727272727
Shackleton,84,0,6-Dec-11,Pinch & Shackleton,tbd,0,0.0
Johann Johannsson,84,0,24-May-11,The Miner's Hymns,tbd,0,0.0
Delicate Steve,84,0,25-Jan-11,Wondervisions,8.7,0,0.0
Thee Oh Sees,83,10,8-Nov-11,Carrion Crawler/The Dream,8.5,0,0.0
Frank Ocean,83,14,18-Feb-11,"Nostalgia, Ultra.",8.7,27,1.9285714285714286
The Field,83,0,11-Oct-11,Looping State of Mind,8.5,0,0.0
Beastie Boys,83,17,3-May-11,"Hot Sauce Committee, Pt. 2",8.2,24,1.411764705882353
The Horrors,83,10,9-Aug-11,Skying,8.1,0,0.0
Gang Gang Dance,83,10,10-May-11,Eye Contact,8.3,1,0.1
Diamond Rings,83,10,21-Jun-11,Special Affections,7.7,0,0.0
Lykke Li,83,12,1-Mar-11,Wounded Rhymes,8.9,0,0.0
Demdike Stare,83,0,31-Jan-11,Tryptych,6.7,0,0.0
Megafaun,83,14,20-Sep-11,Megafaun,tbd,1,0.07142857142857142
Mastodon,83,15,27-Sep-11,The Hunter,8.5,4,0.26666666666666666
A Winged Victory for the Sullen,83,7,13-Sep-11,A Winged Victory for the Sullen,tbd,0,0.0
Black Joe Lewis & the Honeybears,83,3,15-Mar-11,Scandalous,8.6,0,0.0
Wild Flag,83,10,13-Sep-11,Wild Flag,8.3,1,0.1
Jamie xx,83,12,22-Feb-11,We're New Here,8.2,1,0.08333333333333333
Miranda Lambert,83,15,1-Nov-11,Four the Record,8.5,3,0.2
Kuedo,83,1,17-Oct-11,Severant,8.2,0,0.0
William Elliott Whitmore,83,12,12-Jul-11,Field Songs,tbd,2,0.16666666666666666
Shabazz Palaces,83,10,28-Jun-11,Black Up,8.4,33,3.3
Wilco,83,17,27-Sep-11,The Whole Love,8.5,0,0.0
Levon Helm,82,11,17-May-11,Ramble at the Ryman,tbd,0,0.0
TV on the Radio,82,11,12-Apr-11,Nine Types of Light,8.0,8,0.7272727272727273
Thrice,82,13,20-Sep-11,Major/Minor,8.3,1,0.07692307692307693
Brad Paisley,82,16,23-May-11,This Is Country Music,8.5,10,0.625
Laura Marling,82,24,13-Sep-11,A Creature I Don't Know,8.6,0,0.0
Colin Stetson,82,14,22-Feb-11,"New History Warfare, Vol. 2: Judges",8.4,0,0.0
Sepalcure,82,1,21-Nov-11,Sepalcure,8.8,0,0.0
Southeast Engine,82,0,29-Mar-11,Canary,tbd,0,0.0
Rustie,82,13,10-Oct-11,Glass Swords,8.6,0,0.0
Elbow,82,11,12-Apr-11,Build a Rocket Boys!,8.0,0,0.0
Chris Watson,82,0,25-Oct-11,El Tren Fantasma,tbd,0,0.0
Me'Shell Ndegéocello,82,13,8-Nov-11,Weather,7.5,0,0.0
Tom Russell,82,15,6-Sep-11,Mesabi,tbd,6,0.4
Earth,82,5,22-Feb-11,"Angels of Darkness, Demons of Light, Vol. 1",8.2,0,0.0
Anthony Hamilton,82,16,13-Dec-11,Back to Love,8.3,6,0.375
Polar Bear Club,82,11,13-Sep-11,Clash Battle Guilt Pride,tbd,3,0.2727272727272727
The Weeknd,82,9,21-Dec-11,Echoes of Silence,8.7,20,2.2222222222222223
